#Chromosome	Position	Status	Reference	ASM-01	ASM-02	ASM-03	ASM-04	ASM-05	ASM-06	ASM-07	ASM-09	ASM-10	ASM-11	ASM-13	ASM-14	ASM-15	ASM-16	ASM-17	ASM-18	ASM-19	ASM-21	ASM-22	ASM-23	ASM-24	ASM-25	ASM-26	ASM-27	ASM-28	ASM-29	ASM-30	ASM-31	ASM-32	ASM-33	ASM-34	ASM-35	ASM-36	ASM-37	ASM-38	ASM-39	ASM-40	ASM-41	ASM-42	ASM-43	ASM-44	ASM-45	ASM-46	ASM-47	ASM-48	ASM-49	ASM-50
ASM-31_1	20901	filtered-coverage	A	T	T	T	T	T	T	T	T	T	T	T	T	T	T	T	T	T	T	T	T	T	T	T	T	T	T	T	T	T	T	T	T	T	T	T	T	T	T	T	T	T	T	-	T	T	T	T
ASM-31_1	30192	filtered-mpileup	G	A	A	A	A	A	A	G	A	A	A	G	A	A	A	G	A	A	N	A	A	A	A	A	A	A	G	G	G	G	G	G	A	A	A	A	A	A	G	G	A	G	G	-	A	A	A	A
ASM-31_1	34757	filtered-coverage	C	C	C	C	C	C	C	C	C	C	C	C	C	C	C	C	C	C	-	C	C	C	T	T	C	C	C	C	C	C	C	C	C	C	T	T	T	T	C	C	C	C	C	C	C	C	C	C
ASM-31_1	36717	valid	C	C	C	C	C	C	C	C	C	C	C	C	A	C	C	C	C	C	A	C	C	C	C	C	C	C	C	C	C	C	C	C	C	C	C	C	C	C	C	C	C	C	C	C	C	C	C	C
ASM-31_1	48651	filtered-mpileup	G	T	T	N	T	T	T	T	T	T	T	T	T	T	T	T	T	T	N	T	T	T	T	T	T	T	T	T	T	T	T	T	T	T	T	T	T	T	T	T	T	T	T	T	N	T	T	T
ASM-31_1	55514	valid	A	A	A	A	A	A	A	A	A	A	A	A	A	A	A	A	C	A	A	A	A	A	A	A	A	A	A	A	A	A	A	A	A	A	A	A	A	A	A	A	A	A	A	A	A	A	A	A
ASM-31_1	55836	filtered-mpileup	A	C	C	N	C	C	C	A	C	C	C	A	C	C	C	A	C	C	C	C	C	C	C	C	C	C	A	A	A	A	A	A	C	C	C	C	C	C	A	A	N	A	A	-	N	C	C	C
ASM-31_1	57934	filtered-mpileup	G	T	T	N	T	T	T	T	T	T	T	T	T	T	T	T	T	T	-	T	T	T	T	T	T	T	N	T	T	N	T	T	T	T	T	T	T	T	T	N	N	T	T	N	N	N	N	T
ASM-31_1	85846	filtered-coverage	T	T	T	-	T	T	T	T	T	T	T	T	T	T	T	T	T	T	T	T	T	T	C	C	T	T	T	T	T	T	T	T	T	T	C	C	C	C	T	T	T	T	T	T	T	T	T	T
ASM-31_1	87735	filtered-mpileup	G	T	T	N	T	T	T	T	T	T	T	T	T	T	T	T	T	T	N	T	T	T	T	T	T	T	N	T	T	T	T	T	T	T	T	T	T	T	T	T	T	N	T	N	N	T	T	T
ASM-31_1	89744	filtered-mpileup	G	A	A	N	A	A	A	G	A	A	A	G	A	A	A	G	A	A	-	A	A	A	A	A	A	A	G	G	G	G	G	G	A	A	A	A	A	A	G	G	A	G	G	-	A	A	A	N
ASM-31_1	111848	valid	A	A	A	A	A	A	A	G	A	A	A	G	A	A	A	G	A	A	A	A	A	A	A	A	A	A	G	G	A	G	A	A	A	A	A	A	A	A	A	A	A	A	A	A	A	A	A	A
ASM-31_1	114356	valid	C	A	A	A	A	A	A	C	A	A	A	C	A	A	A	C	A	A	A	A	A	A	A	A	A	A	C	C	C	C	C	C	A	A	A	A	A	A	C	C	A	C	C	A	A	A	A	A
ASM-31_1	122048	valid	G	G	G	G	G	G	G	G	G	G	G	G	G	G	G	G	G	G	G	A	G	G	G	G	G	G	G	G	G	G	G	G	G	G	G	G	G	G	G	G	G	G	G	G	G	G	G	G
ASM-31_1	133821	filtered-invalid	T	T	T	-	T	T	T	T	T	T	T	T	A	T	T	T	T	T	-	T	T	T	T	T	T	T	T	T	T	T	T	T	T	T	T	T	T	T	T	T	T	T	T	-	T	-	T	T
ASM-31_1	141180	filtered-invalid	G	A	A	A	A	A	A	A	A	A	N	A	A	A	A	A	A	A	N	A	A	A	A	A	A	A	A	A	A	A	A	A	A	A	A	A	A	A	A	A	A	A	A	A	A	N	A	A
ASM-31_1	152307	filtered-invalid	T	T	T	T	G	T	T	T	T	T	T	T	T	T	T	T	T	T	T	T	T	T	T	T	T	T	T	T	T	T	T	T	T	T	T	T	T	T	T	T	T	T	T	T	T	T	T	T
ASM-31_1	162519	filtered-invalid	G	N	A	N	A	A	A	A	A	A	N	A	A	A	A	A	A	A	-	A	A	A	A	N	A	N	N	N	A	A	A	A	A	A	A	A	A	A	A	N	N	A	N	-	N	-	A	A
ASM-31_1	162579	filtered-invalid	G	N	N	-	N	N	N	N	N	N	N	N	A	A	N	A	A	A	N	N	A	A	N	N	N	N	N	N	A	N	A	N	N	N	A	A	N	N	N	N	N	A	N	G	N	-	N	N
ASM-31_1	162588	filtered-invalid	G	T	T	N	T	T	T	T	T	T	N	T	T	N	T	T	T	T	N	T	T	T	T	T	T	N	N	N	T	N	T	T	T	T	T	T	T	T	T	N	N	T	N	N	N	-	N	N
ASM-31_1	162651	filtered-invalid	A	N	N	N	N	N	N	N	N	N	N	N	N	N	N	N	N	G	N	N	N	N	N	N	N	N	N	N	N	N	N	G	N	N	N	N	N	N	N	N	N	N	N	N	N	-	N	N
ASM-31_1	162699	filtered-invalid	G	A	N	G	N	N	N	N	N	N	A	N	A	A	A	N	A	N	N	N	N	N	A	N	A	N	N	N	N	A	A	N	A	N	N	N	A	N	N	N	N	N	N	-	N	-	N	N
ASM-31_1	174022	filtered-mpileup	T	T	T	T	T	T	T	T	T	T	T	T	T	T	T	T	T	T	T	T	T	T	T	T	T	T	T	T	T	T	T	T	T	T	T	T	T	T	T	T	T	T	T	T	T	T	G	N
ASM-31_1	196001	filtered-coverage	C	A	A	A	A	A	A	A	A	A	A	A	A	A	A	A	A	A	A	A	A	A	A	A	A	A	A	A	A	A	A	A	A	A	A	A	A	A	A	A	A	A	A	-	N	N	A	A
ASM-31_1	196115	filtered-mpileup	C	T	T	T	T	T	T	T	T	T	T	T	T	T	T	T	T	T	T	T	T	T	T	T	T	T	N	T	T	T	T	T	T	T	T	T	T	T	T	T	T	T	T	-	N	T	T	T
ASM-31_1	204586	filtered-mpileup	G	C	C	C	C	C	C	G	C	C	C	G	C	C	C	G	C	C	N	C	C	C	C	C	C	C	G	G	G	G	C	C	C	C	C	C	C	C	C	C	C	C	C	C	C	C	C	C
ASM-31_1	213293	valid	C	C	C	C	C	C	C	C	C	C	C	C	C	C	C	T	C	C	C	C	C	C	C	C	C	C	C	C	C	C	C	C	C	C	C	C	C	C	C	C	C	C	C	C	C	C	C	C
ASM-31_1	224658	filtered-invalid	C	C	C	C	C	C	C	C	C	C	C	C	C	C	C	C	A	C	C	C	C	C	C	C	C	C	C	C	C	C	C	C	C	C	C	C	C	C	C	C	C	C	C	C	C	C	C	C
ASM-31_1	272915	valid	G	G	G	G	G	G	G	G	G	G	G	G	G	G	G	G	G	G	G	G	G	G	G	G	G	G	G	G	G	G	A	A	G	G	G	G	G	G	G	G	G	G	G	G	G	G	G	G
ASM-31_1	277952	valid	A	A	A	A	A	A	A	A	A	A	A	A	A	A	A	A	A	A	A	A	A	A	A	A	A	A	A	A	A	A	A	A	A	A	A	A	A	A	A	A	A	C	C	A	A	A	A	A
ASM-31_1	287445	filtered-coverage	G	G	G	G	G	G	G	G	G	G	G	G	G	G	G	G	G	G	-	G	G	G	G	G	G	G	G	G	G	G	A	A	G	G	G	G	G	G	G	G	G	G	G	-	G	G	G	G
ASM-31_1	287793	filtered-mpileup	T	C	N	C	C	C	C	T	C	C	C	T	C	C	C	T	C	C	-	C	C	C	C	C	C	C	T	T	T	T	T	T	C	C	C	C	C	C	T	T	C	T	T	-	N	-	C	N
ASM-31_1	330322	filtered-mpileup	G	T	T	N	T	T	T	T	T	T	T	T	T	T	T	T	T	T	N	T	T	T	T	T	T	T	T	N	T	T	T	T	T	T	T	T	T	T	T	T	N	N	N	N	N	N	N	N
ASM-31_1	330343	filtered-mpileup	C	T	N	N	T	T	T	T	T	T	T	T	T	N	T	T	T	T	N	T	T	T	T	T	T	T	T	N	T	T	T	T	T	T	T	T	T	T	T	T	N	T	N	N	N	N	T	T
ASM-31_1	330362	filtered-mpileup	C	A	A	N	A	A	A	A	A	A	A	A	A	A	A	A	A	A	N	A	A	A	A	A	A	N	A	N	A	A	A	A	A	A	A	A	A	A	A	A	N	A	N	N	N	N	N	N
ASM-31_1	330374	filtered-mpileup	C	A	N	N	A	A	A	A	A	A	N	A	A	N	A	A	A	N	N	A	A	A	A	A	A	A	N	N	N	N	A	A	A	A	A	A	A	A	A	N	N	N	N	N	N	N	N	N
ASM-31_1	330377	filtered-mpileup	C	T	N	N	T	T	T	T	T	T	N	T	T	N	T	T	T	N	N	T	T	T	T	T	T	T	N	N	N	N	T	T	T	T	T	T	T	T	T	N	N	N	N	N	N	N	N	N
ASM-31_1	357401	valid	G	G	G	A	G	G	G	G	G	G	G	G	G	G	G	G	G	G	G	G	G	G	G	G	G	G	G	G	G	G	G	G	G	G	G	G	G	G	G	G	G	G	G	G	G	G	G	G
ASM-31_1	386162	valid	C	C	C	C	C	C	C	C	C	C	C	A	C	C	C	C	C	C	C	C	C	C	C	C	C	C	C	C	C	C	C	C	C	C	C	C	C	C	C	C	C	C	C	C	C	C	C	C
ASM-31_1	388193	filtered-mpileup	C	A	A	A	A	A	A	C	A	A	A	C	A	A	A	C	A	A	N	A	A	A	A	A	A	A	C	C	C	C	C	C	A	A	A	A	A	A	C	C	A	C	C	N	-	N	A	A
ASM-31_1	401539	filtered-coverage	C	C	C	C	C	C	C	C	C	C	C	C	C	C	C	C	C	C	-	C	C	C	C	C	C	C	C	C	C	C	G	G	C	C	C	C	C	C	C	C	C	C	C	C	C	C	C	C
ASM-31_1	431388	filtered-coverage	C	T	T	T	T	T	T	C	T	T	T	C	T	T	T	C	T	T	-	T	T	T	T	T	T	T	C	C	C	C	C	C	T	T	T	T	T	T	C	C	T	C	C	T	T	-	T	T
ASM-31_1	461756	filtered-invalid	C	C	C	C	C	C	C	C	C	C	C	C	C	C	C	C	C	C	C	C	C	C	C	C	C	C	C	C	C	C	C	C	C	C	C	C	C	C	T	T	C	C	C	C	C	C	C	C
ASM-31_1	467938	filtered-coverage	G	G	G	G	G	G	G	G	G	G	G	G	G	G	G	G	G	G	G	G	G	G	G	G	G	G	A	G	G	G	G	G	G	G	G	G	G	G	G	G	G	G	G	-	G	G	G	G
ASM-31_1	499301	filtered-mpileup	A	C	C	C	C	C	C	C	C	C	C	C	C	C	C	C	C	C	C	C	C	C	C	C	C	C	C	C	C	C	C	C	C	C	C	C	C	C	C	C	C	C	C	N	C	-	C	N
ASM-31_1	522882	filtered-mpileup	A	C	C	C	C	C	C	A	C	C	C	A	C	C	C	A	C	C	N	C	C	C	C	C	C	C	A	A	A	A	A	A	C	C	C	C	C	C	A	A	C	A	A	-	C	C	C	C
ASM-31_1	530990	filtered-mpileup	T	C	C	N	C	C	C	T	C	C	C	T	C	C	C	T	C	C	C	C	C	C	C	C	C	C	T	T	T	T	T	T	C	C	C	C	C	C	T	T	C	T	T	-	C	N	C	C
ASM-31_1	539014	filtered-coverage	G	C	C	C	C	C	C	G	C	C	C	G	C	C	C	G	C	C	C	C	C	C	C	C	C	C	G	G	G	G	G	G	C	C	C	C	C	C	G	G	C	G	G	-	C	N	C	C
ASM-31_1	546590	filtered-mpileup	G	T	T	N	T	T	T	T	T	T	T	T	T	T	T	T	T	T	N	T	T	T	T	T	T	T	T	T	T	T	T	T	T	T	T	T	T	T	T	T	T	T	N	T	N	N	T	T
ASM-31_1	556758	filtered-coverage	A	A	A	A	A	A	A	A	A	A	A	A	A	A	A	A	A	A	A	A	A	A	A	A	A	A	A	A	A	A	C	C	A	A	A	A	A	A	A	A	A	A	A	-	A	A	A	A
ASM-31_1	570818	filtered-invalid	G	A	A	N	A	A	A	G	A	A	A	G	A	A	A	G	A	A	N	A	A	A	A	A	A	A	G	G	G	G	G	G	A	A	A	A	A	A	G	G	A	G	G	A	A	A	A	N
ASM-31_1	605207	valid	A	A	A	A	A	A	A	A	A	A	A	A	A	A	A	A	T	A	A	A	A	A	A	A	A	A	A	A	A	A	A	A	A	A	A	A	A	A	A	A	A	A	A	A	A	A	A	A
ASM-31_1	614253	filtered-invalid	G	G	G	G	G	G	G	G	G	G	G	G	G	G	G	G	G	G	G	G	G	G	G	G	G	G	G	G	G	G	G	G	G	G	G	G	G	G	G	G	G	T	T	G	G	G	G	G
ASM-31_1	618566	filtered-coverage	A	C	C	C	C	C	C	A	C	C	C	A	C	C	C	A	C	C	C	C	C	C	C	C	C	C	A	A	A	A	C	C	C	C	C	C	C	C	C	C	C	C	C	C	C	-	C	C
ASM-31_1	666680	filtered-mpileup	A	G	G	N	G	G	G	G	G	G	G	G	G	G	G	G	G	G	-	G	G	G	G	G	G	G	G	G	G	N	G	G	G	N	G	G	G	N	N	N	N	G	N	N	N	N	G	G
ASM-31_1	666691	filtered-mpileup	C	T	T	N	T	T	T	T	T	T	T	T	T	T	T	T	T	T	-	T	T	T	T	T	T	T	T	N	T	T	T	T	T	T	T	T	T	T	T	N	N	T	N	N	N	N	N	T
ASM-31_1	682159	filtered-invalid	A	A	A	A	A	A	A	A	-	A	A	A	A	A	A	A	A	A	A	A	A	A	A	A	A	A	A	A	A	A	A	A	A	A	A	A	A	A	G	G	A	A	A	A	A	A	A	A
ASM-31_1	765902	valid	C	C	C	C	C	C	C	C	C	C	C	T	C	C	C	C	C	C	C	C	C	C	C	C	C	C	C	C	C	C	C	C	C	C	C	C	C	C	C	C	C	C	C	C	C	C	C	C
ASM-31_1	772100	valid	C	C	C	C	C	C	C	C	C	C	C	C	A	C	C	C	C	C	A	C	C	C	C	C	C	C	C	C	C	C	C	C	C	C	C	C	C	C	C	C	C	C	C	C	C	C	C	C
ASM-31_1	832557	valid	A	A	A	A	A	C	A	A	A	A	A	A	A	A	A	A	A	A	A	A	A	A	A	A	A	A	A	A	A	A	A	A	A	A	A	A	A	A	A	A	A	A	A	A	A	A	A	A
ASM-31_1	844701	filtered-reference	C	A	A	A	A	A	A	A	A	A	A	A	A	A	A	A	A	A	A	A	A	A	A	A	A	A	A	A	A	A	A	A	A	A	A	A	A	A	A	A	A	A	A	A	A	A	A	A
ASM-31_1	844901	filtered-mpileup	G	A	A	N	A	A	A	A	A	A	A	A	A	A	A	A	A	A	-	A	A	A	A	A	A	A	A	A	A	-	A	A	A	A	A	A	A	A	A	A	N	A	A	A	A	A	A	N
ASM-31_1	854477	filtered-mpileup	C	T	T	T	T	T	T	C	T	T	T	C	T	T	T	C	T	T	N	T	T	T	T	T	T	T	C	C	C	C	T	T	T	T	T	T	T	T	T	T	T	T	T	-	T	N	T	T
ASM-31_1	856006	filtered-coverage	G	A	A	A	A	A	A	G	A	A	A	G	G	A	A	G	G	A	-	A	A	A	G	G	A	A	G	G	G	G	G	G	A	A	G	G	G	G	G	G	A	G	G	N	A	A	A	A
ASM-31_1	858721	filtered-coverage	A	A	A	A	A	A	A	A	A	A	A	A	A	A	A	A	A	A	A	A	A	A	C	C	A	A	A	A	A	A	A	A	A	A	C	C	C	C	A	A	A	A	A	A	A	A	A	-
ASM-31_1	867937	valid	G	G	G	G	G	G	G	G	G	G	G	G	G	G	G	G	G	G	G	G	G	G	G	G	G	G	G	G	G	G	G	G	G	G	G	G	G	G	G	G	G	A	A	G	G	G	G	G
ASM-31_1	868184	filtered-coverage	G	T	T	T	T	T	T	G	T	T	T	G	G	T	T	G	G	T	-	T	T	T	G	G	T	T	G	G	G	G	G	G	T	T	G	G	G	G	G	G	T	G	G	-	T	T	T	T
ASM-31_1	872436	filtered-coverage	G	G	G	G	G	G	G	G	G	G	G	G	G	G	G	G	G	G	G	G	G	G	G	G	G	G	G	T	G	T	G	G	G	G	G	G	G	G	G	G	G	G	G	-	G	-	G	G
ASM-31_1	920601	filtered-coverage	T	A	A	A	A	A	A	A	A	A	A	A	A	A	A	A	A	A	-	A	A	A	A	A	A	A	A	A	A	A	A	A	A	A	A	A	A	A	A	A	A	A	N	N	N	N	A	A
ASM-31_1	925087	filtered-coverage	G	G	G	G	G	G	G	G	G	G	G	G	G	G	G	A	G	G	G	G	G	G	G	G	G	G	G	G	G	G	G	G	G	G	G	G	G	G	G	G	G	G	G	G	G	-	G	G
ASM-31_1	926250	valid	G	G	G	G	G	G	G	G	G	G	G	G	G	G	G	G	G	G	G	G	G	G	G	G	G	G	G	G	G	G	G	G	G	G	G	G	G	G	G	G	G	A	A	G	G	G	G	G
ASM-31_1	933370	filtered-mpileup	G	A	A	N	A	A	N	A	A	A	N	A	A	N	N	A	A	N	-	N	A	A	A	A	A	A	N	N	A	N	A	A	A	A	A	A	A	A	N	N	N	N	N	N	N	N	N	N
ASM-31_1	933382	filtered-mpileup	C	T	T	N	T	T	N	T	T	T	T	T	T	N	N	T	T	T	-	T	T	T	T	N	T	T	N	N	T	N	T	T	T	T	T	T	T	T	N	T	N	N	N	N	N	N	N	T
ASM-31_1	933399	filtered-mpileup	C	T	N	N	T	T	N	T	T	N	N	T	N	N	N	T	N	N	-	N	N	T	T	N	T	N	N	N	N	N	T	N	N	T	T	N	N	N	N	N	N	N	N	N	N	N	N	N
ASM-31_1	933401	filtered-mpileup	C	G	N	N	G	G	N	G	G	N	N	G	N	N	N	G	N	N	-	N	N	G	G	N	G	N	N	N	N	N	G	N	N	G	G	N	N	N	N	N	N	N	N	N	N	N	N	N
ASM-31_1	933410	filtered-mpileup	G	N	N	N	A	A	N	A	A	N	N	A	A	N	A	A	N	N	-	N	A	A	A	N	A	N	N	N	N	N	A	N	N	A	A	N	N	N	N	N	N	N	N	N	N	N	N	N
ASM-31_1	933431	filtered-mpileup	C	A	A	N	A	A	A	A	A	A	A	A	A	A	A	A	A	A	-	A	A	A	A	A	A	A	A	A	A	A	A	A	A	A	A	A	A	A	A	A	A	A	A	N	N	N	A	A
ASM-31_1	934298	valid	A	A	A	A	A	A	A	A	A	A	A	A	A	A	A	A	A	A	A	A	A	A	A	A	A	A	A	A	A	A	A	A	A	A	A	A	A	A	A	A	A	G	G	A	A	A	A	A
ASM-31_1	944333	filtered-coverage	T	T	T	T	T	T	T	T	T	T	T	T	T	T	T	T	T	T	-	T	T	T	T	T	T	T	T	T	T	T	T	T	T	T	T	T	T	T	T	T	T	T	-	T	-	T	C	C
ASM-31_1	968511	filtered-coverage	G	G	G	G	G	G	G	G	G	G	G	G	G	G	G	A	G	G	-	G	G	G	G	G	G	G	A	G	G	G	G	G	G	G	G	G	G	G	G	G	G	G	G	-	G	G	-	G
ASM-31_1	968640	filtered-coverage	T	T	T	T	T	T	T	T	T	T	T	T	T	T	T	T	T	T	-	T	T	T	T	T	T	T	T	T	T	T	T	T	T	T	T	T	T	T	T	T	T	C	C	-	T	T	T	T
ASM-31_1	972174	filtered-mpileup	G	T	T	T	T	T	T	T	T	T	T	T	T	T	T	T	T	T	T	T	T	T	T	T	T	T	T	T	T	T	T	T	T	T	T	T	T	T	T	T	T	T	N	-	N	N	T	N
ASM-31_1	975391	valid	C	C	C	C	C	A	C	C	C	C	C	C	C	C	C	C	C	C	C	C	C	C	C	C	C	C	C	C	C	C	C	C	C	C	C	C	C	C	C	C	C	C	C	C	C	C	C	C
ASM-31_1	1005854	filtered-coverage	C	C	C	C	C	C	C	C	C	C	C	C	T	C	C	C	C	C	-	C	C	C	C	C	C	C	C	C	C	C	C	C	C	C	C	C	C	C	C	C	C	C	C	C	C	C	C	C
ASM-31_1	1026388	filtered-coverage	G	G	G	A	G	G	G	G	G	G	G	G	G	G	G	G	G	G	G	G	-	G	G	G	G	G	G	G	G	G	G	G	G	G	G	G	G	G	G	G	G	G	G	G	G	G	G	G
ASM-31_1	1026645	filtered-coverage	G	G	G	G	G	G	G	A	G	G	G	A	G	G	G	A	G	G	G	G	-	G	G	G	G	G	A	A	G	A	G	G	G	G	G	G	G	G	G	G	G	G	G	G	G	G	G	G
ASM-31_1	1031163	filtered-coverage	C	T	T	T	T	T	T	C	T	T	T	C	T	T	T	C	T	T	T	T	T	T	T	T	T	T	C	C	C	C	C	C	T	T	T	T	T	T	C	C	T	C	C	-	T	N	T	T
ASM-31_1	1042552	valid	G	G	G	G	G	G	G	G	G	G	G	G	G	G	G	G	G	G	G	G	G	G	G	G	G	G	G	G	G	G	A	A	G	G	G	G	G	G	G	G	G	G	G	G	G	G	G	G
ASM-31_1	1064201	filtered-coverage	C	A	A	A	A	A	A	A	A	A	A	A	A	A	A	A	A	A	-	A	A	A	A	A	A	A	A	A	A	A	A	A	A	A	A	A	A	A	A	A	A	A	A	A	A	-	A	A
ASM-31_1	1101149	valid	A	A	A	A	A	A	A	A	A	A	A	A	A	A	A	C	A	A	A	A	A	A	A	A	A	A	A	A	A	A	A	A	A	A	A	A	A	A	A	A	A	A	A	A	A	A	A	A
ASM-31_1	1123140	valid	C	C	C	C	A	C	C	C	C	C	C	C	C	C	C	C	C	C	C	C	C	C	C	C	C	C	C	C	C	C	C	C	C	C	C	C	C	C	C	C	C	C	C	C	C	C	C	C
ASM-31_1	1161201	filtered-mpileup	A	C	C	C	C	C	C	C	C	C	C	C	C	C	C	C	C	C	N	C	C	C	C	C	C	C	C	C	C	C	C	C	C	C	C	C	C	C	C	C	C	C	C	N	N	N	C	C
ASM-31_1	1268001	filtered-mpileup	A	T	T	T	T	T	T	T	T	T	T	T	T	T	T	T	T	T	N	T	T	T	T	T	T	T	T	T	T	T	T	T	T	T	T	T	T	T	T	N	T	T	N	-	T	N	T	N
ASM-31_1	1270863	filtered-mpileup	T	C	C	C	C	C	C	T	C	C	C	T	C	C	C	T	C	C	C	C	C	C	C	C	C	C	T	T	T	T	T	T	C	C	C	C	C	C	T	T	C	T	T	C	N	C	C	C
ASM-31_1	1274235	valid	G	G	G	G	G	G	G	G	G	G	G	G	G	G	G	T	G	G	G	G	G	G	G	G	G	G	G	G	G	G	G	G	G	G	G	G	G	G	G	G	G	G	G	G	G	G	G	G
ASM-31_1	1282394	filtered-mpileup	C	A	A	N	A	A	A	C	A	A	A	C	C	A	A	C	C	A	C	A	A	A	C	C	A	A	C	C	C	C	C	C	A	A	C	C	C	C	C	C	A	C	C	-	A	N	A	A
ASM-31_1	1288928	valid	G	G	G	G	G	G	G	G	G	G	G	G	G	G	G	G	G	G	G	G	G	G	G	G	G	G	G	G	G	G	G	G	G	G	G	G	G	G	A	A	G	G	G	G	G	G	G	G
ASM-31_1	1331442	valid	G	G	G	G	G	G	G	G	G	G	G	G	G	G	G	G	G	G	G	G	G	G	G	G	G	G	G	G	G	G	G	G	G	G	G	G	G	G	G	G	G	A	A	G	G	G	G	G
ASM-31_1	1347031	valid	A	A	A	A	A	A	A	A	A	A	A	A	A	A	A	A	A	A	A	A	A	A	A	A	A	A	A	A	A	A	G	G	A	A	A	A	A	A	A	A	A	A	A	A	A	A	A	A
ASM-31_1	1365418	filtered-mpileup	G	A	A	A	A	A	A	G	A	A	A	G	A	A	A	G	A	A	N	A	A	A	A	A	A	A	G	G	G	G	G	G	A	A	A	A	A	A	G	G	A	G	G	A	A	A	A	A
ASM-31_1	1429920	filtered-coverage	C	C	C	C	C	C	C	C	C	C	C	C	C	C	C	C	C	C	C	C	C	C	C	C	C	C	C	C	C	C	C	C	C	C	C	C	C	C	C	C	C	A	A	-	C	C	C	C
ASM-31_1	1439717	filtered-mpileup	G	N	A	N	A	A	A	A	A	A	A	A	A	A	A	A	A	A	N	A	A	A	A	N	A	A	N	A	A	A	A	A	A	A	A	A	A	A	N	A	A	A	N	N	N	N	N	A
ASM-31_1	1472379	filtered-mpileup	G	A	A	A	A	A	A	G	A	A	A	G	A	A	A	G	A	A	A	A	A	A	A	A	A	A	G	G	G	G	G	G	A	A	A	A	A	A	G	G	A	G	G	N	A	A	A	A
ASM-31_1	1480131	filtered-coverage	T	T	T	T	-	-	-	T	-	-	T	T	T	T	-	T	T	T	-	T	T	T	C	C	T	T	T	T	T	T	T	T	T	T	C	C	C	C	T	T	T	T	T	-	T	T	T	-
ASM-31_1	1485422	valid	G	G	G	G	G	G	G	G	G	G	G	G	G	G	G	G	G	G	G	T	T	G	G	G	G	G	G	G	G	G	G	G	G	G	G	G	G	G	G	G	G	G	G	G	G	G	G	G
ASM-31_10	9767	filtered-mpileup	G	A	N	N	A	A	A	A	A	A	N	A	A	N	A	A	A	N	N	A	A	A	A	A	A	A	N	N	A	A	A	A	A	A	A	A	A	A	A	A	A	N	N	N	N	N	A	A
ASM-31_10	9779	filtered-mpileup	G	T	T	N	T	T	T	T	T	T	N	T	T	T	N	T	T	N	N	T	T	T	T	T	T	T	N	N	T	T	T	N	T	T	T	T	T	T	T	T	T	N	N	N	T	N	T	T
ASM-31_10	9793	filtered-coverage	C	G	G	-	G	G	G	G	G	G	N	G	G	G	N	G	G	N	N	G	G	G	G	G	G	G	G	G	G	G	G	G	G	G	G	G	G	G	G	G	G	N	N	N	N	N	G	G
ASM-31_10	9803	filtered-coverage	T	C	C	-	C	C	C	C	C	C	N	C	C	C	C	C	C	N	N	C	C	C	C	C	C	C	C	C	C	C	C	C	C	C	C	C	C	C	C	C	C	N	N	N	C	N	C	C
ASM-31_10	9827	filtered-coverage	T	G	G	-	G	G	G	G	G	G	N	G	G	G	N	G	G	N	N	G	G	G	G	G	G	G	G	G	G	G	G	G	G	G	G	G	G	G	G	G	G	G	N	N	G	N	G	G
ASM-31_10	39488	valid	G	G	G	G	G	G	G	G	G	G	G	G	G	G	G	G	G	G	G	G	G	G	G	G	G	G	G	G	G	G	G	G	G	G	G	G	G	G	G	G	G	A	A	G	G	G	G	G
ASM-31_10	49174	valid	G	G	G	G	G	G	G	G	G	G	G	G	G	G	G	G	G	G	G	G	G	G	G	G	G	G	G	G	G	G	G	G	G	G	G	G	G	G	G	G	G	G	G	G	G	G	A	A
ASM-31_10	68678	valid	C	C	C	C	C	C	C	C	C	C	C	C	C	C	C	C	C	C	T	C	C	C	C	C	C	C	C	C	C	C	C	C	C	C	C	C	C	C	C	C	C	C	C	C	C	C	C	C
ASM-31_11	42351	valid	C	C	C	C	C	C	C	C	C	C	C	C	C	C	C	C	C	C	C	C	C	C	C	C	C	C	C	C	C	C	C	C	C	C	C	C	C	C	C	C	C	T	T	C	C	C	C	C
ASM-31_11	54404	valid	C	C	C	C	C	T	C	C	C	C	C	C	C	C	C	C	C	C	C	C	C	C	C	C	C	C	C	C	C	C	C	C	C	C	C	C	C	C	C	C	C	C	C	C	C	C	C	C
ASM-31_11	66168	valid	C	C	C	C	C	C	C	C	C	C	C	C	T	C	C	C	C	C	T	C	C	C	C	C	C	C	C	C	C	C	C	C	C	C	C	C	C	C	C	C	C	C	C	C	C	C	C	C
ASM-31_12	191	filtered-invalid	G	G	G	G	G	G	G	G	G	G	G	-	G	G	G	G	G	-	G	G	G	G	G	G	G	G	G	G	G	G	A	A	G	G	G	G	G	G	G	G	G	G	G	-	G	G	G	G
ASM-31_12	192	filtered-invalid	C	C	C	C	C	C	C	C	C	C	C	-	C	C	C	C	C	-	C	C	C	C	C	C	C	C	C	C	C	C	T	T	C	C	C	C	C	C	C	C	C	C	C	-	C	C	C	C
ASM-31_12	11724	filtered-coverage	T	T	T	T	T	T	-	T	-	-	T	-	T	T	-	T	T	-	-	C	T	T	T	T	T	T	-	T	T	T	T	T	T	T	T	T	T	T	T	T	T	T	T	-	T	-	T	T
ASM-31_12	31745	filtered-invalid	C	T	T	T	T	T	T	T	T	T	T	-	T	T	T	T	T	-	N	T	N	T	T	T	T	T	N	T	T	N	T	T	T	T	T	T	T	T	T	N	T	T	T	-	-	T	T	T
ASM-31_12	31801	filtered-invalid	T	A	A	A	A	A	A	A	A	A	A	-	A	A	A	A	A	-	A	A	N	A	A	A	A	A	N	A	A	N	A	A	A	A	A	A	A	A	N	N	A	A	A	-	-	A	A	A
ASM-31_12	32719	filtered-coverage	C	A	A	A	A	A	A	A	A	A	A	-	A	A	A	A	A	-	A	A	A	A	A	A	A	A	A	A	A	A	A	A	A	A	A	A	A	A	A	A	A	A	A	-	A	A	A	A
ASM-31_12	36454	filtered-mpileup	G	T	T	T	T	T	T	T	T	N	N	-	T	T	T	T	T	-	N	T	T	T	T	N	T	T	N	N	T	N	T	T	T	T	T	T	T	T	T	N	T	T	N	-	-	-	N	N
ASM-31_12	51971	filtered-coverage	T	A	A	A	A	A	A	T	A	A	A	-	T	A	A	T	T	-	T	A	A	A	T	T	A	A	T	T	T	T	T	T	A	A	T	T	T	T	T	T	A	T	T	-	A	A	A	A
ASM-31_13	6024	valid	A	C	C	C	C	C	C	A	C	C	C	A	C	C	C	A	C	C	C	C	C	C	C	C	C	C	A	A	A	A	A	A	C	C	C	C	C	C	A	A	C	A	A	C	C	C	C	C
ASM-31_13	36044	filtered-invalid	G	G	G	-	G	G	G	G	G	G	G	G	G	G	G	G	G	G	G	G	G	G	C	C	G	G	G	G	G	G	G	G	G	G	C	C	C	C	G	G	G	G	G	G	G	G	G	G
ASM-31_14	6723	filtered-mpileup	G	A	A	A	A	A	A	G	A	A	A	G	A	A	A	G	A	A	N	A	A	A	A	A	A	A	G	G	G	G	G	G	A	A	A	A	A	A	G	G	A	G	G	A	A	A	A	A
ASM-31_14	8661	filtered-mpileup	C	T	T	T	T	T	T	C	T	T	T	C	T	T	T	C	T	T	N	T	T	T	T	T	T	T	C	C	C	C	C	C	T	T	T	T	T	T	C	C	T	C	C	T	T	T	T	T
ASM-31_14	9931	valid	G	G	G	G	G	G	G	G	G	G	G	G	A	G	G	G	A	G	A	G	G	G	A	A	G	G	G	G	G	G	G	G	G	G	A	A	A	A	G	G	G	G	G	G	G	G	G	G
ASM-31_14	26190	filtered-mpileup	C	G	G	N	G	G	G	G	G	G	G	G	G	G	G	G	G	G	-	G	G	G	G	G	G	G	N	G	G	N	G	G	G	G	G	G	G	G	G	G	G	N	G	N	N	G	G	G
ASM-31_14	26705	valid	C	C	C	C	C	T	C	C	C	C	C	C	C	C	C	C	C	C	C	C	C	C	C	C	C	C	C	C	C	C	C	C	C	C	C	C	C	C	C	C	C	C	C	C	C	C	C	C
ASM-31_14	28480	filtered-coverage	A	A	A	A	A	A	A	A	A	A	A	A	A	A	A	A	A	A	A	A	A	A	C	C	A	A	A	A	A	A	A	A	A	A	C	C	C	C	A	A	A	A	A	-	A	A	A	A
ASM-31_15	23865	valid	C	A	A	A	A	A	A	C	A	A	A	C	C	A	A	C	C	A	C	A	A	A	C	C	A	A	C	C	C	C	C	C	A	A	C	C	C	C	C	C	A	C	C	A	A	A	A	A
ASM-31_15	26388	filtered-invalid	A	G	G	G	G	G	G	G	G	G	G	G	G	G	G	G	G	G	G	G	G	G	G	G	G	G	G	G	A	N	G	G	G	G	G	G	G	G	G	G	G	G	G	-	G	G	G	G
ASM-31_16	106	filtered-mpileup	C	T	T	N	T	T	T	T	T	T	N	T	T	N	N	T	T	T	N	T	T	T	T	N	T	T	N	N	T	T	T	T	T	T	T	T	T	T	N	N	T	N	T	N	N	N	N	T
ASM-31_16	287	filtered-mpileup	G	N	N	N	T	T	N	T	T	T	N	T	T	N	T	T	N	N	N	T	T	T	T	N	T	N	N	N	N	N	T	T	T	T	N	T	T	T	N	N	T	N	N	-	N	N	N	N
ASM-31_16	298	filtered-mpileup	C	N	N	N	N	A	N	A	N	N	N	N	N	N	N	A	N	N	N	N	N	A	N	N	A	N	N	N	N	N	N	A	N	N	A	N	A	N	N	N	N	N	N	-	N	N	N	N
ASM-31_16	299	filtered-mpileup	C	N	N	N	N	G	N	G	N	N	N	N	N	N	N	G	N	N	N	N	N	G	N	N	G	N	N	N	N	N	N	G	N	N	G	N	G	N	N	N	N	N	N	-	N	N	N	N
ASM-31_16	301	filtered-mpileup	C	N	N	N	N	G	N	G	N	N	N	N	N	N	N	G	N	N	N	N	N	G	N	N	G	N	N	N	N	N	N	G	N	N	G	N	G	N	N	N	N	N	N	-	N	N	N	N
ASM-31_16	313	filtered-mpileup	C	A	A	N	A	A	A	A	A	A	A	A	A	N	A	A	N	N	N	A	A	A	A	N	A	N	N	N	N	N	A	A	A	A	A	A	A	A	A	N	A	N	A	-	N	N	N	N
ASM-31_16	346	filtered-mpileup	G	T	T	N	T	T	N	T	T	T	T	T	T	T	T	T	T	N	N	T	T	T	T	T	T	N	N	N	T	N	T	T	T	T	T	T	T	T	T	N	T	N	T	-	N	N	N	T
ASM-31_16	349	filtered-mpileup	C	A	A	N	A	A	N	A	A	A	A	A	A	A	A	A	A	N	N	A	A	A	A	A	A	N	N	N	A	N	A	A	A	A	A	A	A	A	A	N	A	N	A	-	N	N	N	A
ASM-31_16	5811	filtered-mpileup	C	T	N	N	T	T	N	T	T	T	N	T	T	N	T	T	T	N	N	N	T	T	T	N	T	N	N	N	T	N	N	N	T	T	N	T	T	T	T	N	T	N	N	N	N	N	N	N
ASM-31_16	5939	filtered-mpileup	G	T	T	T	T	T	T	T	T	T	T	T	T	T	T	T	T	T	N	T	T	T	T	T	T	T	T	T	T	N	T	T	T	T	T	T	T	T	T	T	T	N	T	N	N	N	T	N
ASM-31_16	5944	filtered-mpileup	G	T	T	N	T	T	T	T	T	T	T	T	T	T	T	T	T	T	N	T	T	T	T	T	T	T	T	T	T	T	T	T	T	T	T	T	T	T	T	T	T	T	T	N	T	N	T	N
ASM-31_16	5962	filtered-mpileup	G	N	C	N	C	C	C	C	C	C	N	C	C	C	C	C	C	C	N	C	C	C	C	C	C	C	C	C	C	C	C	C	C	C	C	C	C	C	C	C	C	C	C	N	N	N	N	N
ASM-31_16	5975	filtered-mpileup	G	N	C	N	C	C	N	C	C	C	N	C	C	C	C	C	C	C	N	C	C	C	C	C	C	N	C	C	C	C	C	N	C	C	C	C	C	C	C	C	C	C	C	N	-	N	C	C
ASM-31_17	8	filtered-mpileup	A	N	N	-	G	G	N	A	G	G	G	A	G	G	G	A	G	N	-	N	G	G	G	N	G	G	-	-	A	-	G	G	G	N	G	G	G	G	G	-	N	-	-	-	-	-	G	N
ASM-31_17	11	filtered-mpileup	A	N	N	-	G	G	N	A	G	G	G	A	G	G	G	A	G	N	-	N	G	G	G	N	G	G	-	A	A	-	G	G	G	N	G	G	G	G	G	-	N	-	-	-	-	-	G	N
ASM-31_17	14	filtered-mpileup	A	N	N	-	G	G	N	A	G	G	G	A	G	G	G	A	G	N	-	N	G	G	G	N	G	G	-	A	A	-	G	G	G	N	G	G	G	G	G	-	N	-	-	-	-	-	G	N
ASM-31_17	44	filtered-mpileup	G	A	N	-	A	A	N	G	A	A	A	G	A	A	A	G	A	A	N	A	A	A	A	A	A	A	G	G	G	G	A	A	A	A	A	A	A	A	A	A	N	A	N	-	N	-	N	A
ASM-31_17	47	filtered-mpileup	G	A	N	-	A	A	N	G	A	A	A	G	A	A	A	G	A	A	N	A	A	A	A	A	A	A	G	G	G	G	A	A	A	A	A	A	A	A	A	A	N	A	N	-	N	-	N	A
ASM-31_17	50	filtered-mpileup	T	G	N	-	G	G	N	T	G	G	G	T	G	G	G	T	G	G	N	G	G	G	G	G	G	G	T	T	T	T	G	G	G	G	G	G	G	G	G	G	N	G	N	-	N	-	N	G
ASM-31_17	62	filtered-coverage	G	C	C	-	C	C	C	G	C	C	C	G	C	C	C	G	C	C	C	C	C	C	C	C	C	C	G	G	G	G	C	C	C	C	C	C	C	C	C	C	C	C	N	N	N	-	C	C
ASM-31_17	65	filtered-coverage	A	T	T	-	T	T	T	A	T	T	T	A	T	T	T	A	T	T	T	T	T	T	T	T	T	T	A	A	A	A	T	T	T	T	T	T	T	T	T	T	T	T	N	N	N	-	T	T
ASM-31_17	74	filtered-mpileup	G	A	A	N	A	A	A	G	A	A	A	G	A	A	A	G	A	A	A	A	A	A	A	A	A	A	G	G	G	G	A	A	A	A	A	A	A	A	A	A	A	A	A	N	N	-	A	A
ASM-31_17	92	filtered-mpileup	G	A	A	N	A	A	A	G	A	A	A	G	A	A	A	G	A	A	A	A	A	A	A	A	A	A	G	G	G	G	A	A	A	A	A	A	A	A	A	A	A	A	A	N	N	-	A	A
ASM-31_17	95	filtered-mpileup	G	A	A	N	A	A	A	G	A	A	A	G	A	A	A	G	A	A	A	A	A	A	A	A	A	A	G	G	G	G	A	A	A	A	A	A	A	A	A	A	A	A	A	N	N	-	A	A
ASM-31_2	13258	valid	T	C	C	C	C	C	C	T	C	C	C	T	C	C	C	T	C	C	C	C	C	C	C	C	C	C	T	T	T	T	T	T	C	C	C	C	C	C	T	T	C	T	T	C	C	C	C	C
ASM-31_2	15814	valid	C	C	C	C	C	C	C	C	C	C	C	C	C	T	C	C	C	C	C	C	C	C	C	C	C	C	C	C	C	C	C	C	C	C	C	C	C	C	C	C	C	C	C	C	C	C	C	C
ASM-31_2	39340	valid	T	C	C	C	C	C	C	T	C	C	C	T	T	C	C	T	T	C	T	C	C	C	T	T	C	C	T	T	T	T	T	T	C	C	T	T	T	T	T	T	C	T	T	C	C	C	C	C
ASM-31_2	77101	filtered-reference	T	G	G	G	G	G	G	G	G	G	G	G	G	G	G	G	G	G	G	G	G	G	G	G	G	G	G	G	G	G	G	G	G	G	G	G	G	G	G	G	G	G	G	G	G	G	G	G
ASM-31_2	117919	valid	C	C	C	C	C	C	C	C	C	C	C	C	C	C	C	C	C	C	C	C	C	C	C	C	C	C	C	C	C	C	C	C	C	C	C	C	C	C	C	C	C	T	T	C	C	C	C	C
ASM-31_2	119087	filtered-mpileup	A	G	G	G	G	G	G	A	G	G	G	A	G	G	G	A	G	G	G	G	G	G	G	G	G	G	A	A	A	A	A	A	G	G	G	G	G	G	A	A	G	A	A	N	G	G	G	G
ASM-31_2	120162	valid	G	G	G	G	G	G	G	G	G	G	G	G	G	G	G	G	G	G	G	G	G	G	A	A	G	G	G	G	G	G	G	G	G	G	A	A	A	A	G	G	G	G	G	G	G	G	G	G
ASM-31_2	147477	filtered-mpileup	G	T	T	T	T	T	N	G	T	T	T	G	T	T	T	G	T	T	T	T	T	T	T	T	T	T	G	G	G	G	G	G	T	T	T	T	T	T	G	G	T	G	G	T	T	N	T	T
ASM-31_2	158926	filtered-coverage	C	C	C	C	C	C	C	C	C	C	C	C	C	C	C	C	C	C	-	C	C	C	C	C	C	C	C	C	C	C	C	C	C	C	C	C	C	C	C	C	C	T	T	C	C	C	C	C
ASM-31_2	178365	filtered-mpileup	C	T	T	T	N	T	-	C	-	N	-	C	C	T	N	C	C	T	-	T	T	T	C	C	T	T	C	C	C	C	C	C	T	T	C	C	C	C	C	C	T	C	C	T	N	T	N	-
ASM-31_2	181249	valid	A	A	A	A	A	A	A	A	A	A	A	A	A	A	A	A	G	A	A	A	A	A	A	A	A	A	A	A	A	A	A	A	A	A	A	A	A	A	A	A	A	A	A	A	A	A	A	A
ASM-31_2	203245	valid	C	C	C	C	C	C	C	C	C	C	C	C	C	C	C	A	C	C	C	C	C	C	C	C	C	C	C	C	C	C	C	C	C	C	C	C	C	C	C	C	C	C	C	C	C	C	C	C
ASM-31_2	210910	valid	C	C	C	C	C	C	C	C	C	C	C	C	C	C	C	C	C	C	C	C	C	C	C	C	C	C	C	C	C	C	C	C	C	C	C	C	C	C	T	T	C	T	T	C	C	C	C	C
ASM-31_2	232382	filtered-mpileup	C	T	T	N	T	T	N	C	T	T	N	C	T	T	T	C	T	T	-	T	T	T	T	T	T	T	C	C	C	C	C	C	T	T	T	T	T	T	C	C	T	C	C	N	T	T	T	T
ASM-31_2	251984	valid	G	G	G	G	G	G	G	G	G	G	G	G	G	G	G	G	G	G	G	G	G	G	G	G	G	G	G	G	G	G	G	G	G	G	G	G	G	G	A	A	G	G	G	G	G	G	G	G
ASM-31_2	255011	filtered-mpileup	A	G	G	G	G	G	G	A	G	G	G	A	G	G	G	A	G	G	G	G	G	G	G	G	G	G	A	A	A	A	A	A	G	G	G	G	G	G	A	A	G	A	A	N	G	N	G	G
ASM-31_2	271994	valid	G	A	A	A	A	A	A	G	A	A	A	G	A	A	A	G	A	A	A	A	A	A	A	A	A	A	G	G	G	G	G	G	A	A	A	A	A	A	G	G	A	G	G	A	A	A	A	A
ASM-31_2	283086	valid	G	A	A	A	A	A	A	G	A	A	A	G	A	A	A	G	A	A	A	A	A	A	A	A	A	A	G	G	G	G	G	G	A	A	A	A	A	A	G	G	A	G	G	A	A	A	A	A
ASM-31_2	293491	valid	C	C	C	C	C	C	C	C	C	C	C	C	T	C	C	C	C	C	T	C	C	C	C	C	C	C	C	C	C	C	C	C	C	C	C	C	C	C	C	C	C	C	C	C	C	C	C	C
ASM-31_2	302414	filtered-mpileup	G	T	T	T	T	T	T	T	T	T	T	T	T	T	T	T	T	T	N	T	T	T	T	T	T	T	T	T	T	T	T	T	T	T	T	T	T	T	T	T	N	T	T	N	T	N	T	T
ASM-31_2	325351	valid	C	A	A	A	A	A	A	C	A	A	A	C	A	A	A	C	A	A	A	A	A	A	A	A	A	A	C	C	C	C	C	C	A	A	A	A	A	A	C	C	A	C	C	A	A	A	A	A
ASM-31_2	333274	valid	G	T	T	T	T	T	T	G	T	T	T	G	T	T	T	G	T	T	T	T	T	T	T	T	T	T	G	G	G	G	G	G	T	T	T	T	T	T	G	G	T	G	G	T	T	T	T	T
ASM-31_2	335892	valid	G	G	G	G	G	A	G	G	G	G	G	G	G	G	G	G	G	G	G	G	G	G	G	G	G	G	G	G	G	G	G	G	G	G	G	G	G	G	G	G	G	G	G	G	G	G	G	G
ASM-31_2	351617	valid	A	A	A	A	A	A	A	A	A	A	A	A	A	A	A	A	A	A	A	A	A	A	A	A	A	A	A	A	A	A	A	A	A	A	A	A	A	A	G	G	A	A	A	A	A	A	A	A
ASM-31_2	372124	valid	C	C	C	C	C	C	C	C	C	C	C	C	C	C	C	C	C	C	C	C	C	C	A	A	C	C	C	C	C	C	C	C	C	C	A	A	A	A	C	C	C	C	C	C	C	C	C	C
ASM-31_2	427640	filtered-coverage	C	C	C	C	C	C	C	C	C	C	C	C	C	C	C	C	C	C	-	C	C	C	C	C	C	C	C	C	C	C	C	C	C	C	C	C	C	T	C	C	C	C	C	C	C	C	C	C
ASM-31_2	436293	valid	C	C	C	C	T	C	C	C	C	C	C	C	C	C	C	C	C	T	C	C	C	C	C	C	C	C	C	C	C	C	C	C	C	C	C	C	C	C	C	C	C	C	C	C	C	C	C	C
ASM-31_2	436627	filtered-mpileup	G	A	A	N	A	A	A	A	A	A	A	A	A	A	A	A	A	A	N	A	A	A	A	N	A	A	A	A	A	N	A	A	A	A	A	A	A	A	A	N	A	A	A	N	A	N	A	N
ASM-31_2	449912	valid	A	A	A	A	A	A	A	A	A	A	A	A	A	A	A	A	A	A	A	A	A	A	A	A	A	A	A	A	A	A	A	A	A	A	A	A	A	A	A	A	A	T	T	A	A	A	A	A
ASM-31_2	452455	valid	G	G	G	G	G	G	G	G	G	G	G	G	G	G	G	G	G	G	G	G	G	G	G	A	G	G	G	G	G	G	G	G	G	G	G	G	G	G	G	G	G	G	G	G	G	G	G	G
ASM-31_2	457692	valid	A	G	G	G	A	A	A	A	A	A	A	A	A	A	A	A	A	A	A	A	A	A	A	A	A	A	A	A	A	A	A	A	A	A	A	A	A	A	A	A	A	A	A	A	A	A	A	A
ASM-31_2	459602	filtered-mpileup	G	T	T	T	T	T	T	G	T	T	T	G	T	T	T	G	T	T	T	T	T	T	T	T	T	T	G	G	G	G	G	G	T	T	T	T	T	T	G	G	T	G	G	N	T	N	T	T
ASM-31_2	463357	filtered-coverage	A	A	A	A	A	A	A	A	A	A	A	A	A	A	A	A	A	A	-	A	A	A	G	G	A	A	A	A	A	A	A	A	A	A	G	G	G	G	A	A	A	A	A	A	A	A	A	A
ASM-31_2	463641	valid	A	A	A	A	A	A	A	A	A	A	A	A	A	A	A	A	A	A	A	A	A	A	A	A	A	A	A	A	A	A	A	A	A	A	A	A	A	A	A	A	A	A	A	A	A	C	A	A
ASM-31_2	470484	filtered-coverage	T	-	G	-	G	N	G	T	N	G	N	T	G	-	G	T	G	-	-	G	G	G	G	G	G	G	T	T	T	T	T	T	G	-	G	G	G	-	T	T	G	T	T	-	-	-	-	-
ASM-31_2	498031	valid	C	C	C	C	C	C	C	C	C	C	C	C	C	C	C	C	C	C	C	C	C	C	C	C	C	C	C	C	C	C	C	C	C	C	C	C	C	C	T	C	C	C	C	C	C	C	C	C
ASM-31_2	498046	valid	G	G	G	G	T	G	G	G	G	G	G	G	G	G	G	G	G	G	G	T	G	G	G	G	G	G	G	G	G	G	G	G	G	G	G	G	G	G	G	G	G	G	G	G	G	G	G	G
ASM-31_2	498649	filtered-coverage	G	G	G	G	G	G	G	G	G	G	G	G	G	G	G	T	G	G	G	G	G	G	G	G	G	G	G	G	G	G	G	G	G	G	G	G	G	G	G	G	G	G	G	-	G	-	G	G
ASM-31_2	500365	valid	A	A	A	A	A	A	A	A	A	A	A	A	A	A	A	A	A	A	A	A	A	A	G	G	A	A	A	A	A	A	A	A	A	A	G	G	G	G	A	A	A	A	A	A	A	A	A	A
ASM-31_2	508808	valid	G	G	G	G	G	G	G	G	G	G	G	G	G	G	G	G	G	G	G	G	G	G	G	G	G	G	G	G	G	G	T	T	G	G	G	G	G	G	G	G	G	G	G	G	G	G	G	G
ASM-31_2	540410	valid	A	A	A	A	A	A	A	A	A	A	A	A	A	A	A	A	A	A	A	A	A	A	A	A	A	A	A	A	A	A	G	G	A	A	A	A	A	A	A	A	A	A	A	A	A	A	A	A
ASM-31_2	540487	valid	A	A	A	A	A	A	A	G	A	A	A	G	A	A	A	A	A	A	A	A	A	A	A	A	A	A	A	A	A	A	A	A	A	A	A	A	A	A	A	A	A	A	A	A	A	A	A	A
ASM-31_2	567277	valid	C	C	C	C	C	C	C	C	C	C	C	C	C	C	C	C	T	C	C	C	C	C	C	C	C	C	C	C	C	C	C	C	C	C	C	C	C	C	C	C	C	C	C	C	C	C	C	C
ASM-31_2	581068	filtered-mpileup	G	A	A	A	A	A	A	G	A	A	A	G	A	A	A	G	A	A	N	A	A	A	A	A	A	A	G	G	G	G	G	G	A	A	A	A	A	A	G	G	A	G	G	N	A	A	A	A
ASM-31_2	584598	filtered-mpileup	C	T	T	T	T	T	T	C	T	T	T	C	T	T	T	C	T	T	T	T	T	T	T	T	T	T	C	C	C	C	C	C	T	T	T	T	T	T	C	C	T	C	C	N	T	N	T	T
ASM-31_2	590531	valid	T	C	C	C	C	C	C	T	C	C	C	T	C	C	C	T	C	C	C	C	C	C	C	C	C	C	T	T	T	T	T	T	C	C	C	C	C	C	T	T	C	T	T	C	C	C	C	C
ASM-31_2	594147	filtered-invalid	T	T	T	T	T	T	T	T	T	T	T	T	T	T	T	T	T	T	T	T	T	A	T	T	T	T	T	T	T	T	T	T	T	T	T	T	T	T	T	T	T	T	T	T	T	T	T	T
ASM-31_2	594151	filtered-invalid	G	G	G	G	G	G	G	G	G	G	G	G	G	G	G	G	G	G	G	G	G	T	G	G	G	G	G	G	G	G	G	G	G	G	G	G	G	G	G	G	G	G	G	G	G	G	G	G
ASM-31_2	594161	filtered-invalid	C	C	C	C	C	C	C	C	C	C	C	C	C	C	C	C	C	C	C	C	C	T	C	C	C	C	C	C	C	C	C	C	C	C	C	C	C	C	C	C	C	C	C	C	C	C	C	C
ASM-31_2	594168	filtered-invalid	T	T	T	T	T	T	T	T	T	T	T	T	T	T	T	T	T	T	T	T	T	C	T	T	T	T	T	T	T	T	T	T	T	T	T	T	T	T	T	T	T	T	T	T	T	T	T	T
ASM-31_2	594408	valid	A	G	G	G	G	G	G	G	G	G	G	G	G	G	G	G	G	G	G	G	G	G	G	G	G	G	G	G	A	G	G	G	G	G	G	G	G	G	G	G	G	G	G	G	G	G	G	G
ASM-31_2	602856	valid	G	G	G	G	G	G	G	G	G	G	G	G	G	G	G	G	G	G	G	G	G	G	G	G	G	G	G	G	G	G	G	G	G	G	G	G	G	G	T	T	G	G	G	G	G	G	G	G
ASM-31_2	610381	filtered-mpileup	G	A	A	A	A	A	A	G	A	A	A	G	A	A	A	G	A	A	A	A	A	A	A	A	A	A	G	G	G	G	G	G	A	A	A	A	A	A	G	G	A	G	G	A	A	N	A	A
ASM-31_2	644150	filtered-invalid	G	G	G	G	G	G	G	G	G	G	G	G	G	G	G	G	G	G	G	G	G	G	G	G	G	G	G	G	G	G	G	G	G	G	G	G	G	G	T	T	G	G	G	G	G	G	G	G
ASM-31_2	662314	filtered-invalid	T	C	N	C	C	C	N	C	N	C	N	C	C	C	C	N	N	C	-	C	C	N	C	C	C	C	C	C	C	C	C	C	C	C	C	C	C	C	C	N	N	N	N	C	N	C	C	N
ASM-31_2	683407	filtered-invalid	T	T	T	T	T	T	T	T	T	T	T	T	T	T	T	T	G	T	T	T	T	T	T	T	T	T	T	T	T	T	T	T	T	T	T	T	T	T	T	T	T	T	T	T	T	T	T	T
ASM-31_2	715264	valid	A	G	G	G	G	G	G	A	G	G	G	A	G	G	G	A	G	G	G	G	G	G	G	G	G	G	A	A	A	A	A	A	G	G	G	G	G	G	A	A	G	A	A	G	G	G	G	G
ASM-31_2	729361	filtered-invalid	C	C	C	C	C	C	C	C	C	C	C	C	C	C	C	C	C	C	C	C	C	C	C	C	C	C	C	C	C	C	C	C	C	C	C	C	C	C	C	C	C	T	T	C	C	C	C	C
ASM-31_3	168	filtered-invalid	C	A	A	N	A	A	N	N	A	A	A	N	A	A	A	N	A	A	-	N	A	A	A	A	A	A	C	C	C	C	N	N	A	A	A	A	A	A	C	C	N	C	C	A	N	-	A	-
ASM-31_3	305	filtered-invalid	C	G	G	G	G	G	G	N	G	G	G	C	G	G	G	N	G	G	G	G	G	G	G	G	G	G	G	N	N	C	N	N	G	G	G	G	G	G	C	C	G	N	N	G	G	G	G	G
ASM-31_3	2929	filtered-mpileup	G	A	A	N	A	A	A	A	A	A	A	A	A	A	A	A	A	A	N	A	A	A	A	A	A	A	A	A	A	A	A	A	A	A	A	A	A	A	A	A	A	N	N	A	A	-	N	N
ASM-31_3	15413	filtered-coverage	G	T	T	-	T	T	T	T	T	T	T	T	T	N	T	T	T	T	N	T	T	T	T	T	T	T	T	T	T	N	T	T	T	T	T	T	T	T	T	T	T	T	N	-	-	N	N	T
ASM-31_3	15733	filtered-mpileup	G	A	N	-	N	N	A	N	N	N	A	A	N	A	A	N	N	N	N	A	N	N	A	A	N	A	A	A	N	A	A	N	N	A	N	N	N	A	A	N	A	N	N	-	-	-	N	N
ASM-31_3	15736	filtered-mpileup	G	C	N	-	N	N	C	N	N	N	C	C	N	C	C	N	N	N	N	C	N	N	C	C	N	C	C	C	N	C	C	N	N	C	N	N	N	C	C	N	C	N	N	-	-	-	N	N
ASM-31_3	15743	filtered-mpileup	G	N	N	-	C	C	N	C	C	C	N	C	C	N	C	C	C	N	N	N	C	C	C	C	C	C	C	C	C	C	C	C	C	C	C	C	C	C	C	N	N	N	N	-	-	-	N	N
ASM-31_3	15745	filtered-mpileup	G	N	N	-	A	A	N	A	A	A	N	A	A	N	A	A	A	N	N	N	A	A	A	A	A	A	A	A	A	A	A	A	A	A	A	A	A	A	A	N	N	N	N	-	-	-	N	N
ASM-31_3	15749	filtered-mpileup	A	N	N	-	T	T	N	T	T	T	N	T	T	N	T	T	T	N	N	N	T	T	T	T	T	T	T	T	T	T	T	T	T	T	T	T	T	T	T	N	N	N	N	-	N	-	N	N
ASM-31_3	15753	filtered-mpileup	C	N	N	-	G	G	N	G	G	G	N	G	G	N	G	G	G	N	N	N	G	G	G	G	G	G	G	G	G	G	G	G	G	G	G	G	G	G	G	N	N	N	N	-	N	-	N	N
ASM-31_3	15758	filtered-coverage	G	A	A	-	A	A	A	A	A	A	A	A	A	A	A	A	A	A	N	A	A	A	A	A	A	A	A	A	A	A	A	A	A	A	A	A	A	A	A	N	N	N	N	-	N	-	N	N
ASM-31_3	15795	filtered-coverage	G	T	T	-	T	T	T	T	T	T	T	T	T	N	T	T	T	T	N	T	T	T	T	T	T	T	T	N	T	N	T	T	T	T	T	T	T	T	T	N	N	T	N	-	N	-	N	T
ASM-31_3	15848	filtered-coverage	G	A	A	-	A	A	A	A	A	A	A	A	A	A	A	A	A	A	N	A	A	A	A	A	A	A	A	A	A	A	A	A	A	A	A	A	A	A	A	N	A	A	A	-	N	-	A	A
ASM-31_3	15879	filtered-mpileup	G	T	T	N	T	T	T	T	T	T	T	T	T	T	T	T	T	T	-	T	T	T	T	T	T	T	T	T	T	T	T	T	T	T	T	T	T	T	T	T	T	T	T	-	N	-	T	T
ASM-31_3	16250	filtered-coverage	T	T	T	T	G	T	T	T	T	T	T	T	T	G	G	T	T	G	T	T	T	T	T	T	T	T	T	T	T	T	T	T	T	T	T	T	T	T	T	T	T	T	T	-	N	N	G	G
ASM-31_3	18387	filtered-coverage	G	G	G	G	G	G	G	G	G	G	G	G	G	G	G	G	G	G	-	G	G	G	G	G	G	G	A	G	G	G	G	G	G	G	G	G	G	G	G	G	G	G	G	G	G	G	G	G
ASM-31_3	26714	valid	T	T	T	T	T	T	T	T	T	T	T	T	T	T	T	T	T	T	T	T	T	T	G	G	T	T	T	T	T	T	T	T	T	T	G	G	G	G	T	T	T	T	T	T	T	T	T	T
ASM-31_3	35350	valid	G	T	T	T	T	T	T	G	T	T	T	G	T	T	T	G	T	T	T	T	T	T	T	T	T	T	G	G	G	G	G	G	T	T	T	T	T	T	G	G	T	G	G	T	T	T	T	T
ASM-31_3	40963	valid	G	G	G	G	G	G	G	G	G	G	G	G	G	G	G	G	G	G	G	G	G	G	A	G	G	G	G	G	G	G	G	G	G	G	G	G	G	G	G	G	G	G	G	G	G	G	G	G
ASM-31_3	48680	valid	G	G	G	G	G	G	G	G	G	G	G	G	G	G	G	G	G	G	G	G	G	G	G	G	G	G	G	G	G	G	A	A	G	G	G	G	G	G	G	G	G	G	G	G	G	G	G	G
ASM-31_3	64389	filtered-mpileup	G	T	N	N	T	T	T	T	T	T	T	T	T	T	T	T	T	T	N	T	T	T	T	T	T	T	N	N	T	N	T	T	T	T	T	T	T	T	T	N	N	T	N	N	N	N	T	N
ASM-31_3	64401	filtered-mpileup	A	T	T	N	T	T	N	T	T	T	N	T	T	T	T	T	T	T	N	T	T	T	T	T	T	T	N	N	T	N	T	T	T	T	T	T	T	T	T	T	N	T	N	N	T	N	T	N
ASM-31_3	64847	filtered-mpileup	G	G	G	G	G	G	G	G	G	G	G	G	T	G	G	G	G	G	N	G	G	G	G	G	G	G	G	G	G	G	G	G	G	G	G	G	G	G	G	G	G	G	G	G	G	G	G	G
ASM-31_3	77188	valid	G	G	G	G	G	G	G	G	G	G	G	G	T	G	G	G	G	G	T	G	G	G	G	G	G	G	G	G	G	G	G	G	G	G	G	G	G	G	G	G	G	G	G	G	G	G	G	G
ASM-31_3	95484	valid	G	G	G	G	G	G	G	G	G	G	G	G	A	G	G	G	G	G	A	G	G	G	G	G	G	G	G	G	G	G	G	G	G	G	G	G	G	G	G	G	G	G	G	G	G	G	G	G
ASM-31_3	99819	valid	G	G	G	G	G	G	G	G	G	G	G	G	G	G	G	G	G	G	G	G	G	G	G	G	G	G	G	G	G	G	A	A	G	G	G	G	G	G	G	G	G	G	G	G	G	G	G	G
ASM-31_3	117541	valid	C	A	A	A	A	A	A	C	A	A	A	C	A	A	A	C	A	A	A	A	A	A	A	A	A	A	C	C	C	C	C	C	A	A	A	A	A	A	C	C	A	C	C	A	A	A	A	A
ASM-31_3	134201	filtered-mpileup	T	G	G	G	G	G	G	G	G	G	G	G	G	G	G	G	G	G	G	G	G	G	G	G	G	G	G	G	G	G	G	G	G	G	G	G	G	G	G	G	G	G	G	N	G	G	G	G
ASM-31_3	150750	filtered-coverage	T	C	C	C	C	C	C	T	C	C	C	T	C	C	C	T	C	C	C	T	C	C	T	T	C	C	T	T	T	T	T	T	C	C	T	T	T	T	T	T	C	T	T	-	C	C	C	C
ASM-31_3	150751	filtered-coverage	C	C	C	C	C	C	C	C	C	C	C	C	C	C	C	C	C	T	C	C	C	C	C	C	C	C	C	C	C	C	C	C	C	C	C	C	C	C	C	C	C	C	C	-	C	C	C	C
ASM-31_3	167943	valid	T	T	T	T	T	T	T	T	T	T	T	T	T	T	T	T	T	T	T	T	T	T	T	T	T	T	T	C	T	C	T	T	T	T	T	T	T	T	T	T	T	T	T	T	T	T	T	T
ASM-31_3	187765	valid	G	G	G	G	G	G	G	G	G	G	G	G	G	G	G	G	G	G	G	G	G	G	T	T	G	G	G	G	G	G	G	G	G	G	G	G	G	G	G	G	G	G	G	G	G	G	G	G
ASM-31_3	197393	filtered-mpileup	T	C	C	C	C	C	C	T	C	C	C	T	T	C	C	T	T	C	T	C	C	C	T	T	C	C	T	T	T	T	T	T	C	C	T	T	T	T	T	T	C	T	T	N	C	C	C	C
ASM-31_3	234787	filtered-mpileup	T	C	C	C	C	C	C	T	C	C	C	T	C	C	C	T	C	C	N	C	C	C	C	C	C	C	T	T	T	T	T	T	C	C	C	C	C	C	T	T	C	T	T	C	C	N	C	C
ASM-31_3	241568	filtered-coverage	G	G	G	G	G	G	G	G	G	G	G	G	G	G	G	G	G	G	G	G	G	G	G	G	G	G	G	G	G	G	T	T	G	G	G	G	G	G	G	G	G	G	G	-	G	G	G	G
ASM-31_3	259501	valid	G	G	G	G	G	G	G	G	G	G	G	G	G	G	G	G	G	G	G	G	G	G	G	G	G	G	G	G	G	G	G	G	G	G	A	A	A	A	G	G	G	G	G	G	G	G	G	G
ASM-31_3	288739	filtered-mpileup	G	A	A	A	A	A	A	G	A	A	A	G	A	A	A	G	A	A	N	A	A	A	A	A	A	A	G	G	G	G	G	G	A	A	A	A	A	A	G	G	A	G	G	A	A	A	A	A
ASM-31_3	297785	valid	G	G	G	G	G	G	G	G	G	G	G	G	A	G	G	G	G	G	A	G	G	G	G	G	G	G	G	G	G	G	G	G	G	G	G	G	G	G	G	G	G	G	G	G	G	G	G	G
ASM-31_3	332356	filtered-coverage	G	G	G	G	G	G	G	G	G	G	G	G	G	G	G	G	G	G	-	N	T	G	G	G	G	G	G	G	G	G	G	G	G	G	G	G	G	G	G	G	G	G	G	G	G	-	G	G
ASM-31_3	340473	valid	T	T	G	T	T	T	T	T	T	T	T	T	T	T	T	T	T	T	T	T	T	T	T	T	T	T	T	T	T	T	T	T	T	T	T	T	T	T	T	T	T	T	T	T	T	T	T	T
ASM-31_3	345288	valid	T	T	T	T	T	T	T	T	T	T	T	T	T	T	T	T	T	T	T	A	T	T	T	T	T	T	T	T	T	T	T	T	T	T	T	T	T	T	T	T	T	T	T	T	T	T	T	T
ASM-31_3	373325	filtered-mpileup	T	G	G	G	G	G	G	T	G	G	G	T	G	G	G	T	G	G	N	G	G	G	G	G	G	G	T	T	T	T	T	T	G	G	G	G	G	G	T	T	G	T	T	-	G	G	G	G
ASM-31_3	378132	valid	T	T	T	T	T	T	T	T	T	T	T	T	C	T	T	T	T	T	C	T	T	T	T	T	T	T	T	T	T	T	T	T	T	T	T	T	T	T	T	T	T	T	T	T	T	T	T	T
ASM-31_3	400617	filtered-mpileup	G	T	T	T	T	T	T	T	T	T	T	T	T	T	T	T	T	T	N	T	T	T	T	T	T	T	T	N	T	N	T	T	T	T	T	T	T	T	T	T	T	N	T	N	T	N	T	T
ASM-31_3	411016	filtered-mpileup	G	A	A	A	A	A	A	G	A	A	A	G	A	A	A	G	A	A	A	A	A	A	A	A	A	A	G	G	G	G	G	G	A	A	A	A	A	A	G	G	A	G	G	N	A	A	N	A
ASM-31_3	411614	valid	C	C	C	C	C	C	C	C	C	C	C	C	C	C	C	C	C	C	T	C	C	C	C	C	C	C	C	C	C	C	C	C	C	C	C	C	C	C	C	C	C	C	C	C	C	C	C	C
ASM-31_3	419756	filtered-mpileup	T	C	C	C	C	C	C	T	C	C	N	T	C	C	C	T	C	C	-	C	C	C	C	C	C	C	T	T	T	T	T	T	C	C	C	C	C	C	T	T	C	T	T	N	C	N	C	N
ASM-31_3	439211	filtered-coverage	A	-	A	A	A	A	A	A	-	A	A	A	A	-	-	A	-	A	-	A	-	A	A	A	A	-	A	-	A	-	G	-	A	A	A	A	A	A	-	A	A	-	-	-	-	-	A	-
ASM-31_3	440375	filtered-coverage	C	C	C	C	C	C	C	C	C	C	C	C	C	C	C	C	C	C	C	C	C	C	C	C	C	C	C	C	C	C	C	C	C	C	C	C	C	C	C	C	C	T	T	-	C	C	C	C
ASM-31_3	440835	filtered-coverage	C	C	C	C	C	C	C	T	C	C	C	C	C	C	C	C	C	C	C	C	C	C	C	C	C	C	C	C	C	C	C	C	C	C	C	C	C	C	C	C	C	C	C	-	C	C	C	C
ASM-31_3	441055	filtered-coverage	C	G	G	G	G	G	G	C	G	G	G	C	G	G	G	C	G	G	-	G	G	G	G	G	G	G	C	C	C	C	C	C	G	G	G	G	G	G	C	C	G	C	C	-	G	N	G	G
ASM-31_3	475191	filtered-invalid	G	T	N	-	T	T	N	N	T	T	N	N	T	N	T	T	N	T	N	N	T	T	T	T	T	N	N	N	N	N	T	N	N	N	T	N	T	T	N	N	N	N	N	-	N	N	N	N
ASM-31_3	475528	filtered-coverage	G	T	T	T	T	T	T	T	T	T	T	T	T	T	T	T	T	T	T	T	T	T	T	T	T	T	T	T	T	T	T	T	T	T	T	T	T	T	T	T	T	T	T	-	N	N	T	T
ASM-31_3	475880	valid	T	T	T	T	T	T	T	T	T	T	T	T	T	T	T	T	T	T	T	T	T	T	C	C	T	T	T	T	T	T	T	T	T	T	C	C	C	C	T	T	T	T	T	T	T	T	T	T
ASM-31_3	481705	valid	T	T	T	T	T	T	T	T	T	T	T	T	T	T	T	T	T	T	T	T	T	T	T	T	T	T	T	T	T	T	G	G	T	T	T	T	T	T	T	T	T	T	T	T	T	T	T	T
ASM-31_3	489331	valid	G	A	A	A	A	A	A	G	A	A	A	G	A	A	A	G	A	A	A	A	A	A	A	A	A	A	G	G	G	G	G	G	A	A	A	A	A	A	G	G	A	G	G	A	A	A	A	A
ASM-31_3	490197	filtered-invalid	C	A	A	A	A	A	A	A	A	A	A	A	A	A	A	A	A	A	-	A	A	A	A	A	A	A	A	A	A	A	A	A	A	A	A	A	A	A	A	A	A	A	A	N	A	-	A	N
ASM-31_3	490206	filtered-invalid	C	T	T	T	T	T	T	T	T	T	T	T	T	T	T	T	T	T	-	T	T	T	T	T	T	T	T	T	T	N	T	T	T	T	T	T	T	T	T	T	T	T	T	-	T	-	T	N
ASM-31_3	490213	filtered-invalid	C	A	A	N	A	A	A	A	A	A	A	A	A	A	A	A	A	A	-	A	A	A	A	A	A	A	N	A	N	N	A	A	A	A	A	A	A	A	A	N	A	A	N	-	A	-	A	N
ASM-31_3	490390	filtered-invalid	T	C	C	-	C	C	C	T	C	C	N	T	C	C	C	T	C	N	-	N	C	C	C	C	C	N	T	T	T	T	T	T	C	C	C	C	C	C	T	T	C	T	T	-	C	-	N	-
ASM-31_3	490393	filtered-invalid	G	T	T	-	T	T	T	G	T	T	N	G	T	T	T	G	T	N	-	N	T	T	T	T	T	N	G	G	G	G	G	G	T	T	T	T	T	T	G	G	T	G	G	-	T	-	N	-
ASM-31_3	490405	filtered-invalid	C	T	T	-	T	T	T	C	T	T	N	C	T	T	T	C	T	T	-	T	T	T	T	T	T	T	C	C	C	C	C	C	T	T	T	T	T	T	C	C	T	C	C	-	N	-	N	-
ASM-31_3	490417	filtered-invalid	T	N	C	-	C	C	C	T	C	C	N	T	C	N	C	T	C	N	-	N	C	C	C	C	C	N	T	T	T	T	T	T	N	C	C	C	C	C	T	T	C	T	T	-	N	-	N	-
ASM-31_3	490420	filtered-invalid	C	N	T	-	T	T	T	C	T	T	N	C	T	N	T	C	T	N	-	N	T	T	T	T	T	N	C	C	C	C	C	C	N	T	T	T	T	T	C	C	T	C	C	-	N	-	N	-
ASM-31_3	490447	filtered-invalid	T	N	C	-	C	C	C	T	C	C	N	T	C	C	C	T	C	N	-	-	N	C	C	C	C	N	T	T	T	T	T	T	C	N	C	C	C	C	T	T	C	T	T	-	N	-	N	-
ASM-31_3	490546	filtered-invalid	G	C	C	-	N	N	-	G	N	N	-	G	N	-	N	G	N	-	-	-	-	N	C	N	-	N	G	G	G	G	G	G	C	C	C	N	N	C	G	G	C	G	G	-	-	-	N	-
ASM-31_3	490561	filtered-invalid	C	G	G	-	N	N	-	C	N	N	-	C	-	-	-	C	-	-	-	-	-	N	G	N	-	N	C	C	C	C	C	C	G	G	G	N	N	G	C	C	G	C	C	-	-	-	-	-
ASM-31_3	490570	filtered-invalid	A	G	G	-	G	G	-	A	N	-	-	A	-	-	-	A	-	-	-	-	-	N	G	N	-	N	A	A	A	A	A	A	G	G	G	N	-	G	A	A	G	A	A	-	-	-	-	-
ASM-31_4	6998	filtered-mpileup	C	A	A	A	A	A	A	A	A	A	A	A	A	A	A	A	A	A	N	A	A	A	A	A	A	A	A	A	A	A	A	A	A	A	A	A	A	A	A	A	A	A	A	N	A	A	A	A
ASM-31_4	7001	filtered-mpileup	C	A	A	A	A	A	A	A	A	A	A	A	A	A	A	A	A	A	N	A	A	A	A	A	A	A	A	A	A	A	A	A	A	A	A	A	A	A	A	A	A	A	A	N	A	A	A	A
ASM-31_4	30288	filtered-invalid	C	N	N	-	T	N	N	N	N	N	N	N	T	N	N	T	T	-	-	N	N	N	N	N	N	N	-	-	N	-	N	N	N	N	T	N	T	N	N	N	-	N	-	-	-	-	N	N
ASM-31_4	39022	valid	A	A	A	A	A	A	A	A	A	A	A	A	A	A	A	A	A	A	A	A	A	T	A	A	A	A	A	A	A	A	A	A	A	A	A	A	A	A	A	A	A	A	A	A	A	A	A	A
ASM-31_4	59617	valid	C	C	C	C	C	C	C	C	C	C	C	C	C	C	C	C	C	C	C	C	C	C	C	C	C	C	C	C	C	C	C	C	C	C	C	C	C	C	T	T	C	C	C	C	C	C	C	C
ASM-31_4	92451	filtered-coverage	G	G	G	G	G	G	G	G	G	G	G	G	G	G	G	G	G	G	-	G	G	G	G	G	G	G	G	G	G	G	G	G	G	G	G	G	G	G	G	G	G	A	A	G	G	G	G	G
ASM-31_4	104256	valid	A	C	C	C	C	C	C	A	C	C	C	A	C	C	C	A	C	C	C	C	C	C	C	C	C	C	A	A	A	A	C	C	C	C	C	C	C	C	C	C	C	C	C	C	C	C	C	C
ASM-31_4	113730	filtered-coverage	G	G	G	G	G	G	G	G	G	G	G	G	T	G	G	G	G	G	T	G	G	G	G	G	G	G	G	G	G	G	G	G	G	G	G	G	G	G	G	G	G	G	G	G	G	-	G	G
ASM-31_4	124932	filtered-coverage	G	G	G	G	G	G	G	G	G	G	G	G	G	G	G	G	G	G	G	G	G	G	G	G	G	G	G	G	G	G	G	G	G	G	G	G	G	G	G	G	G	T	T	-	G	G	G	G
ASM-31_4	131107	filtered-coverage	G	G	G	G	G	G	G	G	G	G	G	G	G	G	G	G	G	G	G	G	G	G	G	G	G	G	G	G	G	G	C	C	G	G	G	G	G	G	G	G	G	G	G	-	G	G	G	G
ASM-31_4	154064	filtered-mpileup	A	G	G	G	G	G	G	A	G	G	G	A	G	G	G	A	G	G	G	G	G	G	G	G	G	G	A	A	A	A	A	A	G	G	G	G	G	G	A	A	G	A	A	N	G	G	G	G
ASM-31_4	194218	valid	G	G	G	G	G	G	G	G	G	G	G	G	G	G	A	G	G	G	G	G	G	G	G	G	G	G	G	G	G	G	G	G	G	G	G	G	G	G	G	G	G	G	G	G	G	G	G	G
ASM-31_4	243990	valid	G	G	G	G	G	G	G	G	G	G	G	G	G	G	G	G	G	G	G	G	G	G	G	G	G	G	T	G	G	G	G	G	G	G	G	G	G	G	G	G	G	G	G	G	G	G	G	G
ASM-31_4	254735	filtered-mpileup	C	A	A	A	A	A	A	A	A	A	A	A	A	A	A	A	A	A	N	A	A	A	A	A	A	A	A	A	A	A	A	A	A	A	A	A	A	A	A	A	A	A	A	A	A	A	A	A
ASM-31_4	264258	filtered-mpileup	G	T	T	T	T	T	T	T	T	T	T	T	T	T	T	T	T	T	N	T	T	T	T	T	T	T	N	T	T	T	T	T	T	T	T	T	T	T	T	T	T	T	N	T	T	T	T	T
ASM-31_4	275415	valid	A	A	A	A	A	A	A	A	A	A	A	A	A	A	A	A	A	A	A	G	A	A	A	A	A	A	A	A	A	A	A	A	A	A	A	A	A	A	A	A	A	A	A	A	A	A	A	A
ASM-31_4	370949	valid	G	G	G	G	G	G	G	G	G	G	G	G	G	G	G	A	G	G	G	G	G	G	G	G	G	G	G	G	G	G	G	G	G	G	G	G	G	G	G	G	G	G	G	G	G	G	G	G
ASM-31_4	372046	valid	C	T	T	T	T	T	T	C	T	T	T	C	T	T	T	C	T	T	T	T	T	T	T	T	T	T	C	C	C	C	C	C	T	T	T	T	T	T	C	C	T	C	C	T	T	T	T	T
ASM-31_4	391005	valid	A	G	G	G	G	G	G	A	G	G	G	A	G	G	G	A	G	G	G	G	G	G	G	G	G	G	A	A	A	A	G	G	G	G	G	G	G	G	G	G	G	G	G	G	G	G	G	G
ASM-31_4	391504	valid	C	T	T	T	T	T	T	C	T	T	T	C	T	T	T	C	T	T	T	T	T	T	T	T	T	T	C	C	C	C	C	C	T	T	T	T	T	T	C	C	T	C	C	T	T	T	T	T
ASM-31_5	34723	filtered-mpileup	T	G	G	G	G	G	G	T	G	G	G	T	T	G	G	T	G	G	T	G	G	G	G	G	G	G	T	T	T	T	T	T	G	G	G	G	G	G	T	T	G	T	T	N	G	N	G	G
ASM-31_5	54995	valid	T	T	T	T	T	T	T	T	T	T	T	T	T	T	T	T	T	T	T	T	T	T	G	G	T	T	T	T	T	T	T	T	T	T	G	G	G	G	T	T	T	T	T	T	T	T	T	T
ASM-31_5	116696	filtered-invalid	T	C	C	N	N	N	N	C	N	N	C	N	C	N	N	N	N	N	N	N	N	C	N	C	N	N	N	N	C	N	N	N	C	N	N	C	C	C	N	N	N	C	N	N	N	N	-	N
ASM-31_5	116727	filtered-invalid	T	N	C	N	N	N	C	C	N	N	N	N	N	N	C	N	N	N	N	N	N	C	N	C	N	N	N	N	N	C	N	N	C	N	N	C	N	C	N	C	N	N	N	N	N	N	N	N
ASM-31_5	116885	filtered-invalid	T	N	N	N	N	N	N	N	N	N	N	N	N	N	N	N	N	C	N	N	N	N	C	C	N	N	N	N	N	N	N	C	N	C	N	N	N	N	N	N	N	C	N	N	N	N	N	N
ASM-31_5	116976	filtered-invalid	C	G	G	N	G	G	G	G	G	G	N	G	G	G	G	G	G	G	N	N	G	N	G	G	G	G	N	G	G	N	G	G	G	G	G	G	G	G	G	G	G	G	N	-	G	-	N	G
ASM-31_5	116994	filtered-invalid	A	G	G	N	G	G	G	G	G	G	N	G	G	G	G	G	G	G	N	N	G	N	G	G	G	G	G	G	G	N	G	G	G	G	G	G	G	G	G	G	G	G	N	N	G	-	G	G
ASM-31_5	117029	filtered-invalid	G	A	A	A	A	A	A	A	A	A	A	A	A	A	A	A	A	A	N	A	A	A	A	A	A	A	A	A	A	A	A	A	A	A	A	A	A	A	A	A	A	A	N	-	A	N	A	A
ASM-31_5	117040	filtered-invalid	A	G	G	N	G	G	G	G	G	G	G	G	G	G	G	G	G	G	N	G	G	G	G	G	G	G	G	G	G	G	G	G	G	G	G	G	G	G	G	G	G	G	N	-	G	N	G	G
ASM-31_5	117255	filtered-coverage	G	G	G	G	G	G	G	G	G	G	G	G	G	G	G	G	G	G	G	G	G	G	G	G	G	G	G	G	G	G	A	A	G	G	G	G	G	G	G	G	G	G	G	G	G	-	G	G
ASM-31_5	128588	valid	A	G	G	G	G	G	G	A	G	G	G	A	G	G	G	A	G	G	G	G	G	G	G	G	G	G	A	A	A	A	A	A	G	G	G	G	G	G	A	A	G	A	A	G	G	G	G	G
ASM-31_5	130152	valid	G	G	G	G	G	G	A	G	G	G	G	G	G	G	G	G	G	G	G	G	G	G	G	G	G	G	G	G	G	G	G	G	G	G	G	G	G	G	G	G	G	G	G	G	G	G	G	G
ASM-31_5	133848	filtered-coverage	C	A	A	A	A	A	A	A	A	A	A	A	A	A	A	A	A	A	-	A	A	A	A	A	A	A	A	A	A	A	A	A	A	A	A	A	A	A	A	A	N	A	A	N	-	N	A	A
ASM-31_5	149033	valid	T	C	C	C	C	C	C	T	C	C	C	T	C	C	C	T	C	C	C	C	C	C	C	C	C	C	T	T	T	T	T	T	C	C	C	C	C	C	T	T	C	T	T	C	C	C	C	C
ASM-31_5	178434	filtered-mpileup	A	C	C	C	C	C	C	A	C	C	C	A	A	C	C	A	A	C	A	C	C	C	A	A	C	C	A	A	A	A	A	A	C	C	A	A	A	A	A	A	C	A	A	N	C	N	C	C
ASM-31_5	191998	valid	C	C	C	C	C	C	C	C	C	C	C	C	C	C	C	C	C	C	C	T	C	C	C	C	C	C	C	C	C	C	C	C	C	C	C	C	C	C	C	C	C	C	C	C	C	C	C	C
ASM-31_5	200752	filtered-coverage	A	G	G	G	G	G	G	A	G	G	G	A	G	G	G	A	G	G	G	G	G	G	G	G	G	G	A	A	A	A	A	A	G	G	G	G	G	G	A	A	G	A	A	-	G	-	G	G
ASM-31_5	201258	filtered-coverage	A	A	A	A	A	A	A	A	A	A	A	A	C	A	A	A	A	A	C	A	A	A	A	A	A	A	A	A	A	A	A	A	A	A	A	A	A	A	A	A	A	A	A	A	A	-	A	A
ASM-31_5	202747	valid	G	A	A	A	A	A	A	G	A	A	A	G	A	A	A	G	A	A	A	A	A	A	A	A	A	A	G	G	G	G	G	G	A	A	A	A	A	A	G	G	A	G	G	A	A	A	A	A
ASM-31_5	229321	filtered-mpileup	G	T	N	T	T	T	N	T	T	T	N	T	T	N	T	T	T	T	-	T	T	T	T	T	T	N	N	T	T	T	T	T	T	T	T	T	T	T	T	T	N	T	N	-	-	-	T	N
ASM-31_5	229458	filtered-coverage	C	A	A	A	A	A	A	A	A	A	A	A	A	A	A	A	A	A	-	A	A	A	A	A	A	A	A	A	A	N	A	A	A	A	A	A	A	A	A	A	A	N	A	-	-	N	A	N
ASM-31_5	229509	filtered-mpileup	G	T	T	N	T	T	N	T	T	T	T	T	T	T	T	T	T	T	-	T	T	T	T	T	T	T	N	T	T	N	T	T	T	T	T	T	T	T	T	T	T	T	N	-	-	N	T	N
ASM-31_5	229554	filtered-mpileup	A	T	T	N	T	T	N	T	T	T	T	T	T	T	T	T	T	T	N	T	T	T	T	T	T	T	N	N	T	N	T	T	T	T	T	T	T	T	N	T	T	T	N	-	-	-	N	T
ASM-31_5	229564	filtered-mpileup	C	T	T	T	T	T	T	T	T	T	T	T	T	T	T	T	T	T	N	T	T	T	T	T	T	T	N	T	T	N	T	T	T	T	T	T	T	T	T	T	T	T	N	-	-	-	T	T
ASM-31_5	247659	filtered-coverage	G	G	G	-	G	G	G	G	G	G	-	G	G	G	G	G	G	-	-	G	G	G	G	G	G	G	G	G	G	G	G	G	T	T	G	G	G	G	G	-	-	G	G	-	G	-	G	G
ASM-31_5	286621	valid	G	G	G	G	G	G	G	G	G	G	G	G	G	G	G	G	T	G	G	G	G	G	G	G	G	G	G	G	G	G	G	G	G	G	G	G	G	G	G	G	G	G	G	G	G	G	G	G
ASM-31_5	305985	filtered-coverage	T	T	T	T	T	T	T	T	T	T	T	T	T	T	T	T	T	T	T	T	T	T	T	T	T	T	T	C	T	C	T	T	T	T	T	T	T	T	T	T	T	T	T	-	T	T	T	T
ASM-31_5	338732	filtered-mpileup	G	C	C	N	C	C	C	C	C	C	C	C	C	N	C	C	C	N	-	C	C	C	C	C	C	C	N	C	C	C	C	C	C	C	C	C	C	C	C	N	C	N	N	-	N	-	C	C
ASM-31_5	343116	filtered-coverage	C	C	C	C	C	C	C	C	C	C	C	C	T	C	C	C	C	C	-	C	C	C	C	C	C	C	C	C	C	C	C	C	C	C	C	C	C	C	C	C	C	C	C	C	C	C	C	C
ASM-31_5	353733	filtered-mpileup	G	C	C	C	C	C	C	G	C	C	C	G	C	C	C	G	C	C	N	C	C	C	C	C	C	C	G	G	G	G	G	G	C	C	C	C	C	C	G	G	C	G	G	C	C	N	C	C
ASM-31_5	372751	valid	C	A	A	A	C	C	C	C	C	C	C	C	C	C	C	C	C	C	C	C	C	C	C	C	C	C	C	C	C	C	C	C	C	C	C	C	C	C	C	C	C	C	C	C	C	C	C	C
ASM-31_5	376818	valid	G	G	G	G	G	G	G	G	G	G	G	G	A	G	G	G	G	G	A	G	G	G	G	G	G	G	G	G	G	G	G	G	G	G	G	G	G	G	G	G	G	G	G	G	G	G	G	G
ASM-31_5	387860	filtered-coverage	A	C	C	C	C	C	-	A	C	C	-	A	C	C	-	A	C	C	-	C	C	C	C	C	C	C	A	A	A	A	A	A	C	C	C	C	C	C	A	A	C	A	A	C	C	C	C	C
ASM-31_5	392080	valid	C	C	C	C	C	C	C	C	C	C	C	C	C	C	C	C	C	C	T	C	C	C	C	C	C	C	C	C	C	C	C	C	C	C	C	C	C	C	C	C	C	C	C	C	C	C	C	C
ASM-31_5	394620	filtered-mpileup	G	T	N	-	-	N	-	G	-	-	-	G	T	T	-	G	T	-	N	T	N	N	T	T	T	T	G	-	G	G	G	G	T	T	T	T	T	T	G	G	T	G	G	-	T	T	T	N
ASM-31_5	395518	valid	C	T	T	T	C	C	C	C	C	C	C	C	C	C	C	C	C	C	C	C	C	C	C	C	C	C	C	C	C	C	C	C	C	C	C	C	C	C	C	C	C	C	C	C	C	C	C	C
ASM-31_5	396575	filtered-reference	C	A	A	A	A	A	A	A	A	A	A	A	A	A	A	A	A	A	A	A	A	A	A	A	A	A	A	A	A	A	A	A	A	A	A	A	A	A	A	A	A	A	A	A	A	A	A	A
ASM-31_5	399271	valid	C	T	T	T	T	T	T	C	T	T	T	C	C	T	T	C	C	T	C	T	T	T	C	C	T	T	C	C	C	C	C	C	T	T	C	C	C	C	C	C	T	C	C	T	T	T	T	T
ASM-31_6	6	filtered-invalid	C	N	N	N	T	T	N	T	T	T	T	T	T	N	T	T	T	N	-	T	T	T	T	T	T	T	-	N	T	N	T	T	T	T	T	N	T	T	T	N	N	N	-	N	-	-	N	-
ASM-31_6	3684	valid	A	A	A	A	A	A	A	A	A	A	A	A	A	A	A	C	A	A	A	A	A	A	A	A	A	A	A	A	A	A	A	A	A	A	A	A	A	A	A	A	A	A	A	A	A	A	A	A
ASM-31_6	15194	valid	A	G	G	G	G	G	G	A	G	G	G	A	G	G	G	A	G	G	G	G	G	G	G	G	G	G	A	A	A	A	A	A	G	G	G	G	G	G	A	A	G	A	A	G	G	G	G	G
ASM-31_6	79573	valid	C	C	C	C	C	C	C	C	C	C	C	C	C	C	C	C	C	C	C	C	C	C	C	C	C	C	C	C	C	C	C	C	C	C	C	C	C	C	T	T	C	T	T	C	C	C	C	C
ASM-31_6	116177	valid	A	G	A	A	A	A	A	A	A	A	A	A	A	A	A	A	A	A	A	A	A	A	A	A	A	A	A	A	A	A	A	A	A	A	A	A	A	A	A	A	A	A	A	A	A	A	A	A
ASM-31_6	121434	filtered-coverage	G	G	G	G	G	G	G	G	G	G	G	G	A	G	G	G	G	G	A	G	G	G	G	G	G	G	G	G	G	G	G	G	G	G	G	G	G	G	G	G	G	G	G	-	G	G	G	G
ASM-31_6	147052	valid	G	G	G	G	G	G	G	G	G	G	G	G	G	G	G	G	A	G	G	G	G	G	G	G	G	G	G	G	G	G	G	G	G	G	G	G	G	G	G	G	G	G	G	G	G	G	G	G
ASM-31_6	193865	valid	T	T	T	T	T	T	T	T	T	T	T	T	T	T	T	T	G	T	T	T	T	T	T	T	T	T	T	T	T	T	T	T	T	T	T	T	T	T	T	T	T	T	T	T	T	T	T	T
ASM-31_6	229171	filtered-invalid	T	T	T	T	T	T	T	T	T	T	T	T	T	T	T	T	T	T	T	T	T	T	G	G	T	T	T	T	T	T	T	T	T	T	G	G	G	G	T	T	T	T	T	T	T	T	T	T
ASM-31_6	229283	filtered-invalid	A	A	A	A	A	A	A	A	A	A	A	A	A	A	A	A	A	A	A	A	A	A	G	G	A	A	A	A	A	A	A	A	A	A	G	G	G	G	A	A	A	A	A	A	A	A	A	A
ASM-31_6	229356	filtered-invalid	C	C	C	C	C	C	C	C	C	C	C	C	C	C	C	C	C	C	C	C	C	C	T	T	C	C	C	C	C	C	C	C	C	C	T	T	N	N	C	C	C	C	C	C	C	C	C	C
ASM-31_6	229358	filtered-invalid	C	C	C	C	C	C	C	C	C	C	C	C	C	C	C	C	C	C	C	C	C	C	A	A	C	C	C	C	C	C	C	C	C	C	A	A	N	N	C	C	C	C	C	C	C	C	C	C
ASM-31_6	229359	filtered-invalid	C	C	C	C	C	C	C	C	C	C	C	C	C	C	C	C	C	C	C	C	C	C	T	T	C	C	C	C	C	C	C	C	C	C	T	T	N	N	C	C	C	C	C	C	C	C	C	C
ASM-31_6	229360	filtered-invalid	C	C	C	C	C	C	C	C	C	C	C	C	C	C	C	C	C	C	C	C	C	C	G	G	C	C	C	C	C	C	C	C	C	C	G	G	N	N	C	C	C	C	C	C	C	C	C	C
ASM-31_6	229361	filtered-invalid	C	C	C	C	C	C	C	C	C	C	C	C	C	C	C	C	C	C	C	C	C	C	T	T	C	C	C	C	C	C	C	C	C	C	T	T	N	N	C	C	C	C	C	C	C	C	C	C
ASM-31_6	229362	filtered-invalid	T	T	T	T	T	T	T	T	T	T	T	T	T	T	T	T	T	T	T	T	T	T	C	C	T	T	T	T	T	T	T	T	T	T	C	C	N	N	T	T	T	T	T	T	T	T	T	T
ASM-31_6	229364	filtered-invalid	T	T	T	T	T	T	T	T	T	T	T	T	T	T	T	T	T	T	T	T	T	T	G	G	T	T	T	T	T	T	T	T	T	T	G	G	N	N	T	T	T	T	T	T	T	T	T	T
ASM-31_6	229375	filtered-invalid	C	C	C	C	C	C	C	C	C	C	C	C	C	C	C	C	C	C	C	C	C	C	G	G	C	C	C	C	C	C	C	C	C	C	G	G	G	G	C	C	C	C	C	C	C	C	C	C
ASM-31_6	229387	filtered-invalid	A	A	A	A	A	A	A	A	A	A	A	A	A	A	A	A	A	A	A	A	A	A	G	G	A	A	A	A	A	A	A	A	A	A	G	G	N	G	A	A	A	A	A	A	A	A	A	A
ASM-31_6	229388	filtered-invalid	C	C	C	C	C	C	C	C	C	C	C	C	C	C	C	C	C	C	C	C	C	C	T	T	C	C	C	C	C	C	C	C	C	C	T	T	N	T	C	C	C	C	C	C	C	C	C	C
ASM-31_6	229496	filtered-invalid	T	T	T	T	T	T	T	G	T	T	T	G	T	T	T	G	T	T	T	T	T	T	T	T	T	T	G	G	T	G	T	T	T	T	T	T	T	T	T	T	T	T	T	T	T	T	T	T
ASM-31_6	259497	filtered-mpileup	C	A	A	A	A	A	A	A	A	A	A	A	A	A	A	A	A	A	N	A	A	A	A	A	A	A	A	A	A	A	A	A	A	A	A	A	A	A	A	A	A	A	A	N	A	A	A	A
ASM-31_7	137	filtered-invalid	C	C	C	C	C	C	C	C	C	C	C	C	C	C	C	C	C	C	-	C	C	C	C	C	C	C	C	C	C	C	C	C	C	C	C	C	C	C	C	C	C	G	N	-	C	-	C	C
ASM-31_7	146	filtered-invalid	T	N	N	T	T	T	T	T	T	T	T	T	T	N	T	T	T	T	-	T	T	T	N	T	T	C	T	T	T	T	T	T	N	T	T	N	T	T	T	T	N	T	T	-	T	-	N	T
ASM-31_7	152	filtered-invalid	G	N	G	G	G	G	G	G	G	G	G	G	G	N	G	G	G	G	-	G	G	G	N	G	G	N	G	G	G	G	G	G	N	G	G	N	G	G	G	G	N	C	N	-	G	-	N	G
ASM-31_7	376	filtered-invalid	A	-	-	-	G	-	-	A	N	-	-	A	-	N	-	A	N	N	-	-	-	-	-	N	N	N	A	A	A	A	A	A	G	G	N	G	N	N	A	A	-	A	A	-	-	-	-	-
ASM-31_7	380	filtered-invalid	G	-	-	-	T	-	-	G	N	-	-	G	-	N	-	G	N	N	-	-	-	-	-	-	N	-	G	G	G	G	G	G	T	T	N	T	N	N	G	G	-	G	G	-	-	-	-	-
ASM-31_7	381	filtered-invalid	G	-	-	-	A	-	-	G	N	-	-	G	-	N	-	G	N	N	-	-	-	-	-	-	N	-	G	G	G	G	G	G	A	A	N	A	N	N	G	G	-	G	G	-	-	-	-	-
ASM-31_7	382	filtered-invalid	T	-	-	-	A	-	-	T	N	-	-	T	-	N	-	T	N	N	-	-	-	-	-	-	N	-	T	T	T	T	T	T	A	A	N	A	N	N	T	T	-	T	T	-	-	-	-	-
ASM-31_7	453	filtered-invalid	A	G	N	-	G	G	-	A	G	N	-	A	N	N	G	A	G	G	-	-	G	G	G	G	N	N	A	A	A	A	A	A	G	G	G	G	G	G	A	A	G	A	A	-	-	-	-	N
ASM-31_7	474	filtered-invalid	G	T	T	-	T	T	-	G	T	N	N	G	T	N	T	G	T	T	-	N	T	T	T	T	T	T	G	G	G	G	G	G	T	T	T	T	T	T	G	G	T	G	G	-	-	-	N	N
ASM-31_7	504	filtered-invalid	G	A	A	N	A	A	A	G	A	A	A	G	A	A	A	G	A	A	-	A	A	A	A	A	A	A	G	G	G	G	G	G	A	A	A	A	A	A	G	G	A	G	G	-	-	A	A	A
ASM-31_7	522	filtered-invalid	A	G	G	N	G	G	G	A	G	G	G	A	G	G	G	A	G	G	-	N	G	G	G	G	G	G	A	A	A	A	A	A	G	G	G	G	G	G	A	A	G	A	A	-	-	N	G	N
ASM-31_7	525	filtered-invalid	G	A	A	N	A	A	A	G	A	A	A	G	A	A	A	G	A	A	-	N	A	A	A	A	A	A	G	G	G	G	G	G	A	A	A	A	A	A	G	G	A	G	G	-	-	N	A	N
ASM-31_7	528	filtered-invalid	G	C	C	N	C	C	C	G	C	C	C	G	C	C	C	G	C	C	-	N	C	C	C	C	C	C	G	G	G	G	G	G	C	C	C	C	C	C	G	G	C	G	G	-	-	N	C	N
ASM-31_7	561	filtered-invalid	C	G	G	G	G	G	G	C	G	G	G	C	G	G	G	C	G	G	-	G	G	G	G	G	G	G	C	C	C	C	C	C	G	G	G	G	G	G	C	C	G	C	C	-	-	G	G	G
ASM-31_7	564	filtered-invalid	T	G	G	G	G	G	G	T	G	G	G	T	G	G	G	T	G	G	-	G	G	G	G	G	G	G	T	T	T	T	T	T	G	G	G	G	G	G	T	T	G	T	T	-	-	G	G	G
ASM-31_7	566	filtered-invalid	A	G	G	G	G	G	G	A	G	G	G	A	G	G	G	A	G	G	-	G	G	G	G	G	G	G	A	A	A	A	A	A	G	G	G	G	G	G	A	A	G	A	A	-	-	G	G	G
ASM-31_7	567	filtered-invalid	A	G	G	G	G	G	G	A	G	G	G	A	G	G	G	A	G	G	-	G	G	G	G	G	G	G	A	A	A	A	A	A	G	G	G	G	G	G	A	A	G	A	A	-	-	G	G	G
ASM-31_7	9410	filtered-mpileup	A	G	G	G	G	G	G	A	G	G	G	A	G	G	G	A	G	G	N	G	G	G	G	G	G	G	A	A	A	A	A	A	G	G	G	G	G	G	A	A	G	A	A	G	G	G	G	G
ASM-31_7	17629	valid	C	C	C	C	C	C	C	C	C	C	C	C	C	C	C	C	C	C	C	C	C	C	C	C	C	C	C	C	C	C	C	C	C	C	C	C	C	C	C	C	C	C	C	C	C	A	C	C
ASM-31_7	45042	valid	G	G	G	G	G	G	G	G	G	G	G	G	G	G	T	G	G	G	G	G	G	G	G	G	G	G	G	G	G	G	G	G	G	G	G	G	G	G	G	G	G	G	G	G	G	G	G	G
ASM-31_7	61791	valid	A	A	A	A	A	A	A	A	A	A	A	A	A	A	A	A	A	A	A	A	A	A	A	A	A	A	A	A	A	A	A	A	A	A	A	A	A	A	A	A	A	G	G	A	A	A	A	A
ASM-31_7	81870	filtered-coverage	G	G	G	G	A	G	G	G	G	G	G	G	G	G	G	G	G	G	-	G	G	G	G	G	G	G	G	G	G	G	G	G	G	G	G	G	G	G	G	G	G	G	G	-	G	G	G	G
ASM-31_7	82470	valid	G	G	G	G	G	G	G	G	G	G	G	G	G	G	G	G	G	G	G	G	G	G	G	G	G	G	G	G	G	G	G	G	G	G	G	G	G	G	T	T	G	G	G	G	G	G	G	G
ASM-31_7	110337	filtered-mpileup	A	G	G	N	G	G	G	A	G	G	G	A	G	G	N	A	G	G	G	G	G	G	G	G	G	G	A	A	A	A	A	A	G	G	G	G	G	G	A	A	G	A	A	G	G	N	G	G
ASM-31_7	114435	filtered-coverage	G	C	C	C	C	C	C	C	C	C	C	C	C	C	C	C	C	C	C	C	C	C	C	C	C	C	C	C	C	C	C	C	C	C	C	C	C	C	C	C	C	C	C	-	C	C	C	C
ASM-31_7	114441	filtered-coverage	G	T	T	T	T	T	T	T	T	T	T	T	T	T	T	T	T	T	T	T	T	T	T	T	T	T	T	T	T	T	T	T	T	T	T	T	T	T	T	T	T	T	T	-	T	T	T	T
ASM-31_7	114455	filtered-coverage	C	T	T	T	T	T	T	T	T	T	T	T	T	T	T	T	T	T	T	T	T	T	T	T	T	T	T	T	T	T	T	T	T	T	T	T	T	T	T	T	T	T	T	-	T	T	T	T
ASM-31_7	131501	filtered-mpileup	G	T	T	T	T	T	T	T	T	T	T	T	T	T	T	T	T	T	N	T	T	T	T	T	T	T	T	T	T	T	T	T	T	T	T	T	T	T	T	T	T	T	T	T	T	T	T	T
ASM-31_7	175045	filtered-mpileup	G	T	T	N	T	T	T	T	T	T	T	T	T	T	T	T	T	T	T	T	T	T	T	T	T	T	T	T	T	T	T	T	T	T	T	T	T	T	T	T	T	T	T	-	N	N	T	N
ASM-31_7	188091	filtered-mpileup	G	A	A	A	A	A	A	A	A	A	A	A	A	A	A	A	A	A	N	A	A	A	A	A	A	A	A	A	A	A	A	A	A	A	A	A	A	A	A	A	N	A	N	N	A	N	A	A
ASM-31_7	189632	valid	C	C	C	C	C	C	C	C	T	T	T	C	C	C	C	C	C	C	C	C	C	C	C	C	T	T	C	C	C	C	C	C	C	C	C	C	C	C	C	C	T	C	C	C	C	C	C	C
ASM-31_7	193340	valid	C	C	C	C	C	C	C	T	C	C	C	T	C	C	C	T	C	C	C	C	C	C	C	C	C	C	T	T	C	T	C	C	C	C	C	C	C	C	C	C	C	C	C	C	C	C	C	C
ASM-31_7	208263	valid	C	C	C	C	C	C	C	C	C	C	C	C	C	C	C	C	C	C	C	C	C	C	C	C	C	C	C	C	C	C	C	C	C	C	C	C	C	C	A	A	C	C	C	C	C	C	C	C
ASM-31_8	45743	filtered-mpileup	G	C	C	C	C	C	C	G	C	C	C	G	C	C	C	G	C	C	N	C	C	C	C	C	C	C	G	G	G	G	G	G	C	C	C	C	C	C	G	G	C	G	G	-	C	N	C	C
ASM-31_8	47284	valid	C	T	T	T	T	T	T	C	T	T	T	C	C	T	T	C	C	T	C	T	T	T	C	C	T	T	C	C	C	C	C	C	T	T	C	C	C	C	C	C	T	C	C	T	T	T	T	T
ASM-31_8	58457	valid	A	G	G	G	G	G	G	A	G	G	G	A	G	G	G	A	G	G	G	G	G	G	G	G	G	G	A	A	A	A	A	A	G	G	G	G	G	G	A	A	G	A	A	G	G	G	G	G
ASM-31_8	60811	valid	C	C	C	C	C	C	C	C	C	C	C	C	C	C	C	C	C	C	C	C	C	C	C	C	C	C	C	C	C	C	A	A	C	C	C	C	C	C	C	C	C	C	C	C	C	C	C	C
ASM-31_8	60846	valid	C	C	C	C	C	C	C	C	C	C	C	C	C	C	C	C	C	C	T	C	C	C	C	C	C	C	C	C	C	C	C	C	C	C	C	C	C	C	C	C	C	C	C	C	C	C	C	C
ASM-31_8	102781	filtered-mpileup	C	T	T	T	T	T	T	C	T	T	T	C	T	T	T	C	T	T	N	T	T	T	T	T	T	T	C	C	C	C	C	C	T	T	T	T	T	T	C	C	T	C	C	T	T	T	T	T
ASM-31_8	124034	filtered-coverage	C	C	C	C	C	C	C	T	C	C	C	T	C	C	C	C	C	C	-	C	C	C	C	C	C	C	C	C	C	C	C	C	C	C	C	C	C	C	C	C	C	C	C	C	C	C	C	C
ASM-31_8	151344	valid	A	C	C	C	C	C	C	C	C	C	C	C	C	C	C	C	C	C	C	C	C	C	C	C	C	C	C	C	A	C	C	C	C	C	C	C	C	C	C	C	C	C	C	C	C	C	C	C
ASM-31_8	158160	filtered-coverage	C	C	C	C	C	C	C	T	C	C	C	T	C	C	C	T	C	C	C	C	C	C	C	C	C	C	T	T	C	T	C	C	C	C	C	C	C	C	C	C	C	C	C	C	-	C	C	C
ASM-31_9	84840	valid	C	T	T	T	T	T	T	C	T	T	T	C	T	T	T	C	T	T	T	T	T	T	T	T	T	T	C	C	C	C	C	C	T	T	T	T	T	T	C	C	T	C	C	T	T	T	T	T
ASM-31_9	129864	filtered-mpileup	C	A	A	N	A	A	A	A	A	A	A	A	A	A	A	A	A	A	N	A	A	A	A	A	A	A	A	A	A	N	A	A	A	A	A	A	A	A	A	A	A	A	A	N	N	N	A	A
ASM-31_9	136761	valid	T	T	T	T	T	T	T	T	T	T	T	T	T	T	T	T	T	T	T	T	T	T	G	G	T	T	T	T	T	T	T	T	T	T	G	G	G	G	T	T	T	T	T	T	T	T	T	T
ASM-31_9	153488	filtered-invalid	C	N	N	N	N	N	N	C	N	N	N	C	N	N	N	C	N	N	N	N	N	N	N	N	N	N	C	C	C	C	C	C	N	N	N	N	N	N	C	C	N	C	C	N	T	N	N	N
ASM-31_9	153493	filtered-invalid	C	N	N	N	N	N	N	C	N	N	N	C	N	N	N	C	N	A	N	N	N	N	N	N	N	N	C	C	C	C	C	C	N	N	N	N	N	N	C	C	N	C	C	N	N	N	N	N
ASM-31_9	153496	filtered-invalid	C	N	N	N	N	N	N	C	N	N	N	C	N	N	N	C	N	G	N	N	N	N	N	N	N	N	C	C	C	C	C	C	N	N	N	N	N	N	C	C	N	C	C	N	N	N	N	N
