#Chromosome	Position	Status	Reference	ASM-53	ASM-54	ASM-55	ASM-56	ASM-57	ASM-58	ASM-59	ASM-60	ASM-61	ASM-62	ASM-63	ASM-64	ASM-65	ASM-66	ASM-67	ASM-68
ASM-68_1	6584	valid	G	G	G	G	C	G	G	G	G	G	G	G	G	G	G	G	G
ASM-68_1	118503	valid	C	C	C	C	C	C	C	C	C	C	C	C	A	C	C	C	C
ASM-68_1	157031	valid	C	C	C	C	C	C	C	C	C	C	A	C	C	C	C	C	C
ASM-68_1	254222	valid	C	C	C	C	C	T	C	C	C	C	C	C	C	C	C	C	C
ASM-68_1	299944	valid	T	T	T	G	T	T	T	T	T	T	T	T	T	T	T	T	T
ASM-68_1	378893	valid	A	A	A	A	A	A	T	A	A	A	A	A	A	A	A	A	A
ASM-68_1	426473	filtered-coverage	G	G	C	G	G	G	-	G	G	G	G	G	G	G	G	G	G
ASM-68_1	473832	valid	T	T	T	T	T	T	T	T	T	T	T	T	T	T	T	G	T
ASM-68_1	511984	filtered-coverage	T	T	T	T	T	T	-	T	T	T	T	T	T	T	T	C	T
ASM-68_1	695068	valid	G	G	G	G	G	G	G	G	G	G	G	G	G	G	G	T	G
ASM-68_10	52549	valid	C	C	A	C	C	C	C	C	C	C	C	C	C	C	C	C	C
ASM-68_11	35598	filtered-coverage	C	C	C	T	C	-	C	C	C	C	C	C	C	C	C	C	C
ASM-68_2	580	filtered-mpileup	A	G	G	G	G	G	N	G	G	G	G	G	G	G	G	G	G
ASM-68_2	379660	valid	C	C	A	C	C	C	C	C	C	C	C	C	C	C	C	C	C
ASM-68_2	461068	filtered-mpileup	G	G	G	G	G	N	G	G	G	G	G	G	G	G	A	G	G
ASM-68_2	461069	valid	G	G	G	G	G	G	G	G	G	G	G	G	G	G	A	G	G
ASM-68_2	461561	valid	C	C	C	C	C	C	C	A	C	C	C	C	C	C	C	C	C
ASM-68_2	461608	valid	G	G	G	G	A	G	G	G	G	G	G	G	G	G	G	G	G
ASM-68_2	476912	filtered-invalid	T	N	N	N	N	N	N	N	N	N	N	N	C	N	N	N	N
ASM-68_3	8553	valid	G	G	G	G	A	G	G	G	G	G	G	G	G	G	G	G	G
ASM-68_3	278036	valid	C	C	C	C	C	C	C	C	C	C	C	C	C	T	C	C	C
ASM-68_3	287110	valid	G	G	G	G	G	G	G	G	G	G	G	G	G	G	G	A	G
ASM-68_3	328126	valid	G	G	G	G	G	G	G	G	G	G	G	G	G	G	G	C	G
ASM-68_3	332810	valid	T	T	G	T	T	T	T	T	T	T	T	T	T	T	T	T	T
ASM-68_4	228615	valid	G	G	G	G	G	G	G	G	G	G	T	G	G	G	G	G	G
ASM-68_4	257125	valid	G	G	G	G	G	G	G	G	G	G	G	G	G	T	G	G	G
ASM-68_5	3038	valid	G	G	G	G	G	G	G	G	G	G	G	G	G	T	G	G	G
ASM-68_5	62887	filtered-invalid	G	C	C	C	C	C	C	C	C	C	C	G	C	C	G	C	G
ASM-68_5	115269	valid	G	G	G	G	A	G	G	G	G	G	G	G	G	G	G	G	G
ASM-68_5	121832	filtered-coverage	T	T	T	T	T	T	-	T	T	T	T	A	T	T	T	T	T
ASM-68_5	165463	valid	G	G	G	G	G	G	G	G	G	G	G	G	G	A	G	G	G
ASM-68_5	236405	filtered-mpileup	G	C	C	C	C	C	N	C	C	C	C	C	C	C	C	C	C
ASM-68_5	236417	filtered-mpileup	G	C	C	C	C	C	N	C	C	C	C	C	C	N	C	C	C
ASM-68_5	236423	filtered-mpileup	T	C	C	C	C	C	N	C	C	C	C	C	C	C	C	C	C
ASM-68_5	236429	filtered-mpileup	T	G	G	G	G	G	N	G	G	G	G	G	G	N	G	G	G
ASM-68_5	236444	filtered-mpileup	T	C	C	C	C	C	N	C	C	C	C	C	C	N	C	C	C
ASM-68_5	236462	filtered-mpileup	T	C	C	C	C	C	N	C	C	C	C	C	C	N	C	C	N
ASM-68_5	236501	filtered-mpileup	T	C	C	C	C	C	N	C	N	N	N	C	C	N	C	N	N
ASM-68_6	50734	valid	C	C	C	C	A	C	C	C	C	C	C	C	C	C	C	C	C
ASM-68_6	112001	valid	T	T	T	T	T	T	T	A	T	T	T	T	T	T	T	T	T
ASM-68_6	147954	filtered-mpileup	G	N	G	G	G	T	T	G	G	G	G	G	G	G	G	G	G
ASM-68_6	168022	valid	C	C	A	C	C	C	C	C	C	C	C	C	C	C	C	C	C
ASM-68_6	206819	valid	C	C	C	C	C	C	C	C	A	C	C	C	C	C	C	C	C
ASM-68_7	17166	valid	G	G	G	G	G	G	G	G	G	T	G	G	G	G	G	G	G
ASM-68_7	43823	valid	G	G	G	G	G	A	G	G	G	G	G	G	G	G	G	G	G
ASM-68_7	84919	filtered-mpileup	A	N	A	A	A	A	A	A	A	C	A	A	A	A	A	A	A
ASM-68_7	101311	filtered-invalid	G	G	G	G	G	A	G	G	G	G	G	G	G	G	G	G	G
ASM-68_7	147162	valid	A	A	A	A	A	A	A	A	A	A	A	T	A	A	A	A	A
ASM-68_8	70613	valid	A	A	A	A	A	A	A	A	A	A	A	G	A	A	A	A	A
ASM-68_9	151	filtered-invalid	T	A	N	A	A	A	-	A	A	A	A	A	A	A	A	N	A
ASM-68_9	48605	valid	A	A	A	A	A	A	A	A	A	A	G	A	A	A	A	A	A
